Timestamp,I hereby consent to participate in this study and for the Existential Robotics Laboratory to collect and use data as agreed upon by me and outlined above. I understand that i can withdraw consent at any time.,What is your gender?,What is your age?,What college are you from?,What is your current major?,What is your level of education?,"What year of college are you in? (only for ""Some college"")",Have you had an internship or are going to have an internship related to your field of study?,Are any immediate family members in the robotics field?,I am comfortable writing code in Python ,"I am familiar with interactive computing tools (Jupyter Notebook, Google Colab, etc.)",I have previous experience in robotics,I am familiar with how sensors are used in robotics,"I am familiar with concepts like LiDAR, mapping, or sensor noise.",I am confident in transforming LiDAR scan data between coordinate frames.,I am confident in implementing or modifying Bresenham’s line algorithm.,I am familiar with occupancy grid mapping (OGM). I am confident in updating an occupancy grid map using sensor data.,I understand how simulation tools are used in robotics,I understand the concept of Bayesian estimation.,I understand the relationship between robot pose uncertainty and map uncertainty.,What has prevented you from engaging in robotics before? (Select all that apply),What might make it hard for you to continue exploring robotics? (Select all that apply) ,Which parts of robotics interest you? (Select all that apply)  ,What interests you about learning robotics? (Select all that apply),What do you hope to learn from this workshop? (Select all that apply),What made you sign up for this workshop?,I am interested in learning more about robotics,I am interested in artificial intelligence (AI),I would consider taking a robotics-related class. ,I believe that engaging in this workshop can help my career,I feel confident I could learn the basics of simultaneous localization and mapping (SLAM),I understand what robotic systems may be useful for,I believe that robotics knowledge is inaccessible,Email Address
1/11/2026 22:37:06,No,,,,,,,,,,,,,,,,,,,,,,,,,,,,,,,,,natanasov@ucsd.edu
1/12/2026 7:42:13,Yes,Male,23,University of California San Diego,Mechanical Engineering ,Some college,Fourth year,No,No,7,5,7,6,7,6,2,2,5,3,3,Nothing in particular,Nothing in particular,"Building hardware / mechanical design, Embedded programming (Arduino, microcontrollers), Robot control (PID, motion), Computer vision / perception",Hands-on experience,"Deeper understanding of simulations (PyBullet), Mapping and perception",Curiosity ,7,7,7,6,7,7,4,okheswa@ucsd.edu
1/12/2026 7:44:59,No,,,,,,,,,,,,,,,,,,,,,,,,,,,,,,,,,zmohammed@ucsd.edu
1/12/2026 7:48:51,Yes,Male,25 or older,University of California San Diego,Aerospace Engineering ,Some college,Third year,Yes,No,4,4,3,5,5,3,1,2,5,2,3,"Lack of resources, No prior exposure",Nothing in particular,"Building hardware / mechanical design, Embedded programming (Arduino, microcontrollers), Robot control (PID, motion), Computer vision / perception, Machine learning for robotics, Planning / navigation (mapping, path planning), Robot simulation (Gazebo, PyBullet, etc.)","Curiosity about robotics, Interest in AI/autonomy, Hands-on experience, Career goals, Learning programming","Deeper understanding of simulations (PyBullet), Robotics programming, Mapping and perception, Understanding sensors","A desire to learn more about robotics, mapping, estimation, and a general interest in autonomous systems ",7,7,7,5,7,7,1,rthatcher@ucsd.edu
1/12/2026 7:58:27,Yes,Male,18,University of California San Diego,Mechanical Engineering,High school,First year,No,No,1,1,5,5,2,1,1,1,4,1,4,"Lack of resources, Not sure where to start, Nothing in particular","Not enough time, Not enough background, Cost of parts/tools, Hard to find guidance/mentors, Not sure where to start","Building hardware / mechanical design, Machine learning for robotics, Human-robot interaction, Robot simulation (Gazebo, PyBullet, etc.)","Curiosity about robotics, Interest in AI/autonomy, Hands-on experience, Career goals, Learning programming","Deeper understanding of simulations (PyBullet), Robotics programming",Interest in Robotics,7,7,7,6,2,6,3,Hut006@ucsd.edu
1/12/2026 7:58:54,Yes,Male,18,University of California San Diego,Mechanical Engineering,Some college,First year,No,No,1,1,1,1,1,1,1,1,1,1,1,"Lack of confidence, No prior exposure, Not sure where to start","Not enough background, Cost of parts/tools, I don’t feel like I belong in this space",Building hardware / mechanical design,Hands-on experience,"Robotics programming, Understanding sensors",It looked interesting and I dont have much going on,5,7,7,7,2,2,5,Bat003@ucsd.edu
1/12/2026 8:00:03,Yes,Male,20,University of California San Diego,Mechanical Engineering w/ Specialization in Controls and Robotics,Some college,Third year,No,No,2,1,4,2,1,1,1,1,2,1,1,"Lack of resources, Lack of confidence, No prior exposure, Not sure where to start","Not enough time, Not enough background, Not sure where to start, I don’t feel like I belong in this space","Building hardware / mechanical design, Embedded programming (Arduino, microcontrollers), Machine learning for robotics, Human-robot interaction, Robot simulation (Gazebo, PyBullet, etc.)","Curiosity about robotics, Interest in AI/autonomy, Hands-on experience, Career goals, Learning programming","Deeper understanding of simulations (PyBullet), Robotics programming, Mapping and perception, Understanding sensors",I’m currently a part of a club called Triton Droids at UCSD which is a Humanoid robot club.,7,5,7,7,4,3,4,j4miranda@ucsd.edu
1/12/2026 8:04:36,Yes,Female,25 or older,University of California San Diego,Mechanical Engineering ,Bachelor's Degree,Fourth year,No,No,4,1,2,1,1,1,1,1,1,1,1,"No prior exposure, Not sure where to start","Not enough time, Not enough background, Cost of parts/tools, Hard to find guidance/mentors, Not sure where to start","Building hardware / mechanical design, Electronics / sensors, Embedded programming (Arduino, microcontrollers), Robot control (PID, motion), Machine learning for robotics, Planning / navigation (mapping, path planning), Product/design applications (healthcare, manufacturing, home), Robot simulation (Gazebo, PyBullet, etc.)","Curiosity about robotics, Career goals, Learning programming","Deeper understanding of simulations (PyBullet), Robotics programming, Mapping and perception, Understanding sensors",Curiosity ,7,6,7,4,5,6,5,cahuen@ucsd.edu
1/12/2026 8:15:24,Yes,Female,21,University of California San Diego,Mechanical Engineering,Some college,Fourth year,Yes,No,5,4,4,5,5,2,1,2,2,2,2,"Lack of confidence, Not sure where to start",Hard to find guidance/mentors,"Building hardware / mechanical design, Electronics / sensors, Planning / navigation (mapping, path planning), Product/design applications (healthcare, manufacturing, home)","Curiosity about robotics, Hands-on experience, Career goals","Robotics programming, Mapping and perception, Understanding sensors","I’ve never been able to learn about robotics outside of the classroom setting, and even then there’s so much we don’t get to cover!",7,3,7,7,7,7,4,etayao@ucsd.edu
1/12/2026 8:45:19,Yes,Male,18,University of California San Diego,Mechanical Engineering,Some college,First year,No,No,1,1,1,1,1,1,1,1,1,1,1,Not sure where to start,"Not enough background, Hard to find guidance/mentors, Not sure where to start","Building hardware / mechanical design, Product/design applications (healthcare, manufacturing, home), Not sure yet","Hands-on experience, Learning programming","Robotics programming, Understanding sensors",Seemed interesting and fun to explore,4,3,4,5,4,5,4,adr015@ucsd.edu
1/12/2026 8:52:18,Yes,Male,18,University of California San Diego,Mechanical Engineering ,Some college,First year,Yes,No,3,2,5,5,2,1,1,1,5,1,1,Nothing in particular,Hard to find guidance/mentors,"Building hardware / mechanical design, Electronics / sensors, Embedded programming (Arduino, microcontrollers), Product/design applications (healthcare, manufacturing, home)","Curiosity about robotics, Career goals","Robotics programming, Understanding sensors",IEEE email,7,6,7,6,6,7,1,mayalaromero@ucsd.edu
1/12/2026 8:58:38,Yes,Male,20,University of California San Diego,Mechanical Engineering ,Bachelor's Degree,Third year,No,No,7,7,7,7,1,1,1,1,7,6,1,"Lack of resources, Not sure where to start","Cost of parts/tools, Hard to find guidance/mentors","Robot control (PID, motion), Machine learning for robotics, Human-robot interaction, Product/design applications (healthcare, manufacturing, home), Robot simulation (Gazebo, PyBullet, etc.)","Curiosity about robotics, Interest in AI/autonomy",Deeper understanding of simulations (PyBullet),Intrest,7,7,7,7,7,7,7,hpl@ucsd.edu
1/12/2026 9:13:12,No,,,,,,,,,,,,,,,,,,,,,,,,,,,,,,,,,daguilapardo@ucsd.edu
1/12/2026 9:25:19,Yes,Male,19,University of California San Diego,Mechanical Engineering,Some college,Second year,No,No,3,2,2,1,4,1,1,1,2,1,1,"Lack of confidence, No prior exposure, Not sure where to start","Not enough time, Cost of parts/tools, Hard to find guidance/mentors","Building hardware / mechanical design, Embedded programming (Arduino, microcontrollers), Robot control (PID, motion), Machine learning for robotics, Planning / navigation (mapping, path planning)","Curiosity about robotics, Interest in AI/autonomy, Hands-on experience, Career goals","Deeper understanding of simulations (PyBullet), Robotics programming, Mapping and perception, Understanding sensors",I saw this as a great opportunity where I could learn more about robotics and I was very interested in the topic.,7,7,6,7,6,5,5,mat048@ucsd.edu
1/12/2026 9:26:14,Yes,Male,18,University of California San Diego,Mechanical Engin,Some college,First year,No,No,2,3,1,2,2,1,1,1,2,1,1,"Lack of resources, No prior exposure","Not enough background, Hard to find guidance/mentors, Not sure where to start","Building hardware / mechanical design, Electronics / sensors, Embedded programming (Arduino, microcontrollers), Robot control (PID, motion), Computer vision / perception, Machine learning for robotics, Planning / navigation (mapping, path planning), Product/design applications (healthcare, manufacturing, home)","Curiosity about robotics, Interest in AI/autonomy, Hands-on experience, Career goals, Learning programming","Deeper understanding of simulations (PyBullet), Robotics programming, Mapping and perception, Understanding sensors",Seems like I would learn a lot of new stuff and I could see if I am interested in this,7,7,7,7,5,5,3,mmenezes@ucsd.edu
1/12/2026 9:36:37,Yes,Male,18,University of California San Diego,MechE,Some college,First year,No,No,5,2,4,6,2,1,1,1,5,1,1,Nothing in particular,"Not enough background, Cost of parts/tools, Hard to find guidance/mentors","Building hardware / mechanical design, Electronics / sensors, Embedded programming (Arduino, microcontrollers), Robot control (PID, motion), Computer vision / perception, Machine learning for robotics, Planning / navigation (mapping, path planning), Human-robot interaction, Product/design applications (healthcare, manufacturing, home), Robot simulation (Gazebo, PyBullet, etc.)","Curiosity about robotics, Interest in AI/autonomy, Hands-on experience, Career goals, Learning programming","Deeper understanding of simulations (PyBullet), Robotics programming, Mapping and perception, Understanding sensors",The hand on experience ,6,7,7,7,7,7,7,scamargo@ucsd.edu
1/12/2026 9:45:45,Yes,Male,21,University of California San Diego,Computer engineering ,Bachelor's Degree,Fourth year,Yes,No,3,3,3,4,4,2,1,1,1,1,1,"No prior exposure, Not sure where to start",Not enough background,"Building hardware / mechanical design, Electronics / sensors, Embedded programming (Arduino, microcontrollers), Robot control (PID, motion), Computer vision / perception, Machine learning for robotics, Planning / navigation (mapping, path planning), Human-robot interaction, Product/design applications (healthcare, manufacturing, home), Robot simulation (Gazebo, PyBullet, etc.)","Curiosity about robotics, Interest in AI/autonomy, Hands-on experience, Career goals, Learning programming","Deeper understanding of simulations (PyBullet), Robotics programming, Mapping and perception, Understanding sensors",Interest in robotics,7,7,7,7,7,7,4,hhaq@ucsd.edu
1/12/2026 9:46:37,Yes,Male,19,University of California San Diego,Mechanical Engineering ,Some college,Second year,Yes,No,1,1,3,2,2,1,1,1,1,1,1,"Lack of confidence, No prior exposure, Not sure where to start","Not enough time, Not sure where to start","Building hardware / mechanical design, Electronics / sensors, Embedded programming (Arduino, microcontrollers), Robot control (PID, motion), Machine learning for robotics, Product/design applications (healthcare, manufacturing, home)","Curiosity about robotics, Interest in AI/autonomy, Hands-on experience","Deeper understanding of simulations (PyBullet), Robotics programming, Mapping and perception, Understanding sensors",Interest,6,6,7,4,6,4,1,jglevy@ucsd.edu
1/12/2026 9:50:44,Yes,Male,20,University of California San Diego,Computer Science ,Bachelor's Degree,Third year,No,No,5,5,5,5,5,2,3,3,5,4,4,No prior exposure,Not sure where to start,"Electronics / sensors, Embedded programming (Arduino, microcontrollers), Robot control (PID, motion), Computer vision / perception, Machine learning for robotics",Interest in AI/autonomy,Robotics programming,Interest in robotics,7,7,7,6,6,5,4,patrivedi@ucsd.edu
1/12/2026 9:54:10,Yes,Male,18,University of California San Diego,Aerospace Engineering ,Some college,First year,No,No,5,1,2,2,5,1,1,1,1,1,1,"Lack of resources, Lack of confidence, No prior exposure, Not sure where to start","Not enough background, Hard to find guidance/mentors, Not sure where to start, I don’t feel like I belong in this space","Building hardware / mechanical design, Electronics / sensors, Embedded programming (Arduino, microcontrollers), Robot control (PID, motion), Computer vision / perception, Machine learning for robotics, Product/design applications (healthcare, manufacturing, home)","Interest in AI/autonomy, Hands-on experience, Career goals, Learning programming","Robotics programming, Mapping and perception, Understanding sensors",A friend recommended ,7,5,6,7,7,6,5,a3zuniga@ucsd.edu
1/12/2026 9:57:53,Yes,Female,25 or older,University of California San Diego,Computer Science ,Some college,Third year,No,No,6,7,3,2,4,2,2,2,3,2,2,"No prior exposure, Not sure where to start","Not enough background, Cost of parts/tools","Building hardware / mechanical design, Electronics / sensors, Embedded programming (Arduino, microcontrollers), Robot control (PID, motion), Computer vision / perception, Machine learning for robotics, Human-robot interaction, Robot simulation (Gazebo, PyBullet, etc.)","Curiosity about robotics, Interest in AI/autonomy, Hands-on experience","Deeper understanding of simulations (PyBullet), Robotics programming, Mapping and perception, Understanding sensors",This workshop sounded like the perfect introduction to a fascinating field that has been out of my reach up until now. I have just started attending my first ECE class and discovered that I want to learn more about the hands on practical aspects of hardware and how to combine my CS knowledge I've obtained so far with building and testing machines.,7,7,7,6,3,6,4,sodemarco@ucsd.edu
1/12/2026 10:00:05,Yes,Female,18,University of California San Diego,Computer Science,Some college,First year,No,No,4,5,2,2,1,1,1,1,1,1,1,"Lack of resources, Lack of confidence, No prior exposure, Not sure where to start","Cost of parts/tools, Hard to find guidance/mentors, Not sure where to start, I don’t feel like I belong in this space","Embedded programming (Arduino, microcontrollers), Robot control (PID, motion), Computer vision / perception, Machine learning for robotics, Planning / navigation (mapping, path planning), Human-robot interaction","Curiosity about robotics, Interest in AI/autonomy, Hands-on experience","Deeper understanding of simulations (PyBullet), Robotics programming, Mapping and perception, Understanding sensors",I have been able to learn a lot of software engineering because it has been resources have been more accessible to me. I have always wanted to learn more about robotics but I don’t know where to start and I feel like it’s hard to practice because lack of mentors and tools. ,7,7,7,7,7,5,6,nrajkumar@ucsd.edu
1/12/2026 10:00:39,Yes,Male,23,University of California San Diego,computer engineering,Bachelor's Degree,Fourth year,No,No,4,5,2,1,1,1,1,1,1,2,1,Time conflicts ,Not enough time,"Robot control (PID, motion), Computer vision / perception, Machine learning for robotics, Planning / navigation (mapping, path planning)","Curiosity about robotics, Hands-on experience, Career goals","Deeper understanding of simulations (PyBullet), Robotics programming, Mapping and perception, Understanding sensors",Email invitation,7,5,7,7,7,5,5,xul043@ucsd.edu
1/12/2026 10:03:14,Yes,Male,22,University of California San Diego,Mechanical Engineering,Some college,Fourth year,Yes,No,7,7,5,5,4,4,1,1,1,5,3,"Lack of resources, Not sure where to start","Not enough time, Not sure where to start","Building hardware / mechanical design, Embedded programming (Arduino, microcontrollers), Robot control (PID, motion), Computer vision / perception, Machine learning for robotics","Curiosity about robotics, Interest in AI/autonomy, Career goals","Deeper understanding of simulations (PyBullet), Robotics programming, Mapping and perception, Understanding sensors",To learn and get more experience ,7,7,7,7,7,7,3,rul039@ucsd.edu
1/12/2026 10:04:58,Yes,Male,20,University of California San Diego,Computer Engineering,Some college,Third year,Yes,No,7,7,5,5,5,3,1,1,5,4,2,Nothing in particular,"Not enough time, Cost of parts/tools, Hard to find guidance/mentors, Not sure where to start","Building hardware / mechanical design, Electronics / sensors, Embedded programming (Arduino, microcontrollers), Computer vision / perception, Planning / navigation (mapping, path planning)","Curiosity about robotics, Hands-on experience, Learning programming","Robotics programming, Mapping and perception",Pre exiting curiosity combined with opportunity ,7,4,7,7,7,7,3,mbarkouras@ucsd.edu
1/12/2026 10:11:13,Yes,Male,21,University of California San Diego,Computer Engineering ,Some college,Fourth year,Yes,Yes,4,4,3,3,2,1,1,1,1,4,1,"No prior exposure, Not sure where to start","Not sure where to start, Nothing in particular","Building hardware / mechanical design, Electronics / sensors, Embedded programming (Arduino, microcontrollers), Robot control (PID, motion), Computer vision / perception, Machine learning for robotics, Planning / navigation (mapping, path planning)","Curiosity about robotics, Interest in AI/autonomy, Career goals","Deeper understanding of simulations (PyBullet), Robotics programming, Mapping and perception, Understanding sensors",Interested at taking a peek into robotics,7,7,7,7,7,5,3,mkorol@ucsd.edu
1/12/2026 10:22:52,Yes,Male,18,University of California San Diego,Artificial Intelligence,Some college,First year,No,No,4,5,5,4,3,3,3,3,4,3,3,"Lack of confidence, Not sure where to start","Not enough time, Not sure where to start","Computer vision / perception, Machine learning for robotics","Curiosity about robotics, Interest in AI/autonomy, Hands-on experience, Career goals","Deeper understanding of simulations (PyBullet), Robotics programming, Mapping and perception, Understanding sensors",The desire to learn more about the robotics fields and develop another set of skills,7,7,7,5,4,4,4,clm016@ucsd.edu
1/12/2026 10:26:37,Yes,Male,24,University of California San Diego,Computer science,Some college,Third year,No,No,7,6,3,1,1,2,2,2,2,2,2,"Lack of confidence, No prior exposure, Not sure where to start","Not enough background, Hard to find guidance/mentors, Not sure where to start","Electronics / sensors, Embedded programming (Arduino, microcontrollers), Robot control (PID, motion), Computer vision / perception, Machine learning for robotics, Planning / navigation (mapping, path planning), Human-robot interaction, Product/design applications (healthcare, manufacturing, home), Robot simulation (Gazebo, PyBullet, etc.)","Curiosity about robotics, Interest in AI/autonomy, Hands-on experience, Career goals","Deeper understanding of simulations (PyBullet), Robotics programming, Mapping and perception, Understanding sensors",Interest in robotics,7,7,7,7,7,7,7,jep053@ucsd.edu
1/12/2026 10:27:47,Yes,Male,19,University of California San Diego,ECE: Computer Engineering,Some college,First year,No,No,4,3,4,2,1,1,1,1,3,1,1,"Lack of confidence, Not sure where to start","Not enough background, Cost of parts/tools, Hard to find guidance/mentors, Not sure where to start","Building hardware / mechanical design, Robot control (PID, motion), Computer vision / perception, Machine learning for robotics, Planning / navigation (mapping, path planning), Robot simulation (Gazebo, PyBullet, etc.)","Curiosity about robotics, Hands-on experience, Career goals","Deeper understanding of simulations (PyBullet), Robotics programming, Mapping and perception, Understanding sensors",Triton Droids team member ,6,5,7,6,5,5,1,acalaunan@ucsd.edu
1/12/2026 10:28:15,Yes,Male,22,University of California San Diego,Computer Engineering ,Bachelor's Degree,Third year,No,No,5,5,3,3,3,3,3,3,3,4,3,"Lack of resources, Lack of confidence, No prior exposure, Not sure where to start","Hard to find guidance/mentors, Not sure where to start","Building hardware / mechanical design, Electronics / sensors, Embedded programming (Arduino, microcontrollers), Robot control (PID, motion), Computer vision / perception, Machine learning for robotics, Planning / navigation (mapping, path planning), Human-robot interaction, Product/design applications (healthcare, manufacturing, home), Robot simulation (Gazebo, PyBullet, etc.)","Curiosity about robotics, Interest in AI/autonomy, Hands-on experience, Career goals, Learning programming","Deeper understanding of simulations (PyBullet), Robotics programming, Mapping and perception, Understanding sensors","I am really interested in the field of robotics and enjoy doing hands on work. However, I don’t have much exposure and experience in this field, so I’d like to learn about the basics and get started on building my skills in this space. ",7,7,7,7,7,7,4,roadhikari@ucsd.edu
1/12/2026 10:28:56,Yes,Female,18,University of California San Diego,Aerospace engineers ,Some college,First year,Yes,No,3,1,1,2,3,1,1,1,2,1,1,"Lack of resources, Lack of confidence, No prior exposure, Not sure where to start","Not enough time, Not enough background, Cost of parts/tools, Hard to find guidance/mentors, Not sure where to start","Building hardware / mechanical design, Electronics / sensors, Robot control (PID, motion), Computer vision / perception, Machine learning for robotics, Planning / navigation (mapping, path planning), Human-robot interaction, Product/design applications (healthcare, manufacturing, home), Robot simulation (Gazebo, PyBullet, etc.)","Curiosity about robotics, Hands-on experience, Career goals, Learning programming","Deeper understanding of simulations (PyBullet), Robotics programming, Mapping and perception",Got an email,7,4,7,7,7,7,2,sramirezromo@ucsd.edu
1/12/2026 10:43:10,Yes,Male,18,University of California San Diego,Computer science ,Some college,First year,No,No,2,3,1,1,1,1,1,1,1,1,1,"Lack of resources, No prior exposure, Not sure where to start","Not enough background, Cost of parts/tools, Hard to find guidance/mentors","Building hardware / mechanical design, Electronics / sensors, Embedded programming (Arduino, microcontrollers), Robot control (PID, motion), Computer vision / perception, Machine learning for robotics","Curiosity about robotics, Interest in AI/autonomy, Hands-on experience, Career goals, Learning programming","Deeper understanding of simulations (PyBullet), Robotics programming, Mapping and perception, Understanding sensors",To gain hands on experience with a similar interest in my career goal. ,6,7,7,7,6,5,4,d5guerrero@ucsd.edu
1/12/2026 10:43:38,Yes,Male,21,University of California San Diego,Aerospace Engineering,Some college,First year,Yes,No,1,1,5,3,1,1,1,1,1,1,1,"Lack of confidence, Not sure where to start","Not enough time, Not sure where to start","Building hardware / mechanical design, Robot control (PID, motion)","Curiosity about robotics, Hands-on experience, Career goals, Learning programming","Deeper understanding of simulations (PyBullet), Robotics programming",Interest in robotics programming and Python,7,4,7,7,5,2,4,mchinogueron@ucsd.edu
1/12/2026 10:47:59,Yes,Male,21,University of California San Diego,Computer Science,Some college,Third year,Yes,No,7,6,2,1,2,1,1,1,2,1,3,"Lack of resources, No prior exposure, Not sure where to start","Not enough time, Not enough background","Embedded programming (Arduino, microcontrollers), Robot control (PID, motion), Computer vision / perception, Machine learning for robotics, Product/design applications (healthcare, manufacturing, home)","Curiosity about robotics, Interest in AI/autonomy, Hands-on experience, Learning programming","Deeper understanding of simulations (PyBullet), Robotics programming, Mapping and perception, Understanding sensors","Want to learn more about robotics as it combines both embedded and ML, and I want to explore and see if this is the right field for me",6,6,7,6,4,6,5,pbussannagari@ucsd.edu
1/12/2026 10:48:00,Yes,Male,19,University of California San Diego,Computer science ,Bachelor's Degree,First year,No,No,3,4,5,4,5,2,2,2,3,2,3,"Lack of confidence, No prior exposure, Not sure where to start","Cost of parts/tools, Hard to find guidance/mentors, Not sure where to start","Embedded programming (Arduino, microcontrollers), Robot control (PID, motion), Computer vision / perception, Machine learning for robotics, Planning / navigation (mapping, path planning)","Curiosity about robotics, Interest in AI/autonomy, Hands-on experience, Learning programming","Robotics programming, Mapping and perception, Understanding sensors",It is my area of interest ,5,4,5,5,3,4,3,agonzalezlopez@ucsd.edu
1/12/2026 10:50:52,Yes,Female,20,University of California San Diego,Computer Science,Some college,Third year,No,No,6,7,4,5,5,1,1,1,4,2,1,"No prior exposure, Not sure where to start","Not enough time, Cost of parts/tools, Hard to find guidance/mentors","Embedded programming (Arduino, microcontrollers), Computer vision / perception, Human-robot interaction, Product/design applications (healthcare, manufacturing, home)","Curiosity about robotics, Hands-on experience","Deeper understanding of simulations (PyBullet), Robotics programming, Mapping and perception, Understanding sensors",I have been interested in exploring robotics for a while so this seems like a great opportunity to do that.,7,6,7,7,6,7,5,acortezgutierrez@ucsd.edu
1/12/2026 10:53:33,Yes,Male,25 or older,University of California San Diego,Computer Science,Bachelor's Degree,Third year,Yes,No,7,7,4,2,2,4,4,2,2,1,2,"Lack of resources, No prior exposure, Not sure where to start",Not enough background,"Building hardware / mechanical design, Electronics / sensors, Embedded programming (Arduino, microcontrollers), Robot control (PID, motion), Computer vision / perception, Machine learning for robotics","Interest in AI/autonomy, Hands-on experience, Career goals","Deeper understanding of simulations (PyBullet), Robotics programming, Mapping and perception, Understanding sensors",Achievement in this fields,7,7,7,7,7,5,3,yal202@ucsd.edu
1/12/2026 11:05:06,Yes,Female,20,University of California San Diego,Computer engineering,Bachelor's Degree,Third year,No,No,7,7,5,5,5,4,1,1,3,1,1,"Lack of resources, Not sure where to start",Nothing in particular,"Embedded programming (Arduino, microcontrollers)","Interest in AI/autonomy, Hands-on experience","Deeper understanding of simulations (PyBullet), Robotics programming, Mapping and perception",Excited about robotics ! ,7,7,7,7,7,7,5,rsrikanth@ucsd.edu
1/12/2026 11:07:44,Yes,Female,19,University of California San Diego,computer science,High school,First year,No,No,7,6,2,2,1,1,1,1,1,1,1,"Lack of resources, Lack of confidence, No prior exposure, Not sure where to start","Not enough background, Cost of parts/tools, Hard to find guidance/mentors, Not sure where to start",Not sure yet,Curiosity about robotics,Robotics programming,nothing,5,6,4,4,4,4,4,r4dong@ucsd.edu
1/12/2026 11:10:15,Yes,Male,18,University of California San Diego,Computer Engineering,Some college,First year,Yes,Yes,7,7,4,4,4,2,2,2,2,2,2,"Lack of resources, No prior exposure, Not sure where to start",Cost of parts/tools,"Embedded programming (Arduino, microcontrollers)","Interest in AI/autonomy, Career goals","Robotics programming, Mapping and perception",FOR FUN,4,4,4,4,4,4,4,achoudhari@ucsd.edu
1/12/2026 11:14:22,Yes,Male,20,University of California San Diego,Computer Science,Some college,Second year,Prefer not to say,Prefer not to say,5,5,5,5,4,3,2,3,3,6,3,Nothing in particular,Not enough time,Machine learning for robotics,Interest in AI/autonomy,Mapping and perception,interest,6,7,5,5,5,7,4,ars030@ucsd.edu
1/12/2026 11:14:33,Yes,Male,18,University of California San Diego,Computer Engineering,Some college,Second year,Yes,No,7,6,6,5,3,1,1,2,5,6,4,Not sure where to start,"Cost of parts/tools, Hard to find guidance/mentors, Not sure where to start","Building hardware / mechanical design, Electronics / sensors, Embedded programming (Arduino, microcontrollers), Robot control (PID, motion), Computer vision / perception, Machine learning for robotics","Curiosity about robotics, Interest in AI/autonomy, Hands-on experience, Career goals","Robotics programming, Mapping and perception, Understanding sensors","I am interested in learning more about robotics, as well as the Existential Robotics Lab and their work.",7,7,7,6,5,7,4,svalliappan@ucsd.edu
1/12/2026 11:15:08,Yes,Male,21,University of California San Diego,Mechanical Engineering ,Some college,Fourth year,No,No,2,4,2,2,1,1,1,1,3,1,2,"Lack of resources, Lack of confidence, No prior exposure, Not sure where to start","Not enough time, Not enough background, Not sure where to start, I don’t feel like I belong in this space","Building hardware / mechanical design, Electronics / sensors, Robot control (PID, motion), Product/design applications (healthcare, manufacturing, home), Robot simulation (Gazebo, PyBullet, etc.)","Curiosity about robotics, Hands-on experience, Career goals","Deeper understanding of simulations (PyBullet), Robotics programming, Mapping and perception, Understanding sensors",Aligns with what I should be learning ,6,4,6,6,6,5,2,asalgadomorales@ucsd.edu
1/12/2026 11:27:03,Yes,Male,21,University of California San Diego,Mechanical Engineering,Some college,Fourth year,Yes,No,5,7,7,6,5,2,1,1,6,6,2,"Lack of confidence, Not sure where to start","Not enough time, Cost of parts/tools, Not sure where to start","Building hardware / mechanical design, Electronics / sensors, Robot control (PID, motion), Human-robot interaction","Curiosity about robotics, Hands-on experience, Career goals",Mapping and perception,Great opportunity and high accessibility to a topic I know very little about,7,6,7,7,7,7,6,mpotdar@ucsd.edu
1/12/2026 11:31:26,Yes,Male,20,University of California San Diego, Mechanical Engineering,Some college,Third year,No,No,5,5,5,5,4,3,2,2,4,2,2,"Lack of resources, Not sure where to start","Hard to find guidance/mentors, Not sure where to start","Building hardware / mechanical design, Electronics / sensors, Embedded programming (Arduino, microcontrollers), Robot control (PID, motion), Planning / navigation (mapping, path planning), Product/design applications (healthcare, manufacturing, home), Robot simulation (Gazebo, PyBullet, etc.)","Curiosity about robotics, Interest in AI/autonomy, Hands-on experience, Career goals, Learning programming","Deeper understanding of simulations (PyBullet), Robotics programming, Mapping and perception",Hands-on experience and potential opportunity,7,7,7,6,6,6,3,kfoead@ucsd.edu
1/12/2026 11:36:58,Yes,Male,20,University of California San Diego,Computer Engineering,Some college,Third year,No,No,4,4,6,6,2,1,1,1,3,1,1,Nothing in particular,"Cost of parts/tools, Hard to find guidance/mentors","Electronics / sensors, Embedded programming (Arduino, microcontrollers), Robot control (PID, motion)","Hands-on experience, Career goals","Deeper understanding of simulations (PyBullet), Robotics programming, Mapping and perception, Understanding sensors",I’ve been involved in robotics but I want to get into the autonomous side of robotics.,7,7,7,7,7,7,5,chl244@ucsd.edu
1/12/2026 11:51:36,Yes,Male,21,University of California San Diego,Mechanical Engineering ,Bachelor's Degree,Fourth year,Yes,No,4,3,5,4,4,2,1,1,5,2,2,"Lack of confidence, Not sure where to start","Hard to find guidance/mentors, Not sure where to start","Building hardware / mechanical design, Electronics / sensors, Embedded programming (Arduino, microcontrollers), Robot simulation (Gazebo, PyBullet, etc.)","Curiosity about robotics, Hands-on experience, Learning programming","Deeper understanding of simulations (PyBullet), Robotics programming, Mapping and perception, Understanding sensors","I have conducted research in the robotics field via my time at the Advanced Robotics and Controls Laboratory under Dr. Michael Yip, however, I am signing for this workshop to get more experience in the software and perception side of things to find a start to become a well rounded robotics engineer.",7,4,7,7,6,7,5,avinoth@ucsd.edu
1/12/2026 12:01:30,Yes,Male,21,University of California San Diego,Mechanical Engineering with a Specialization in Controls and Robotics ,Bachelor's Degree,Fourth year,Yes,No,2,2,5,4,5,3,1,1,2,1,1,Not sure where to start,"Not enough time, Not enough background, Not sure where to start","Building hardware / mechanical design, Electronics / sensors, Embedded programming (Arduino, microcontrollers), Planning / navigation (mapping, path planning), Human-robot interaction","Curiosity about robotics, Interest in AI/autonomy, Hands-on experience, Career goals, Learning programming","Deeper understanding of simulations (PyBullet), Robotics programming, Mapping and perception, Understanding sensors",I think this is a good place to start learning about robotics.,7,7,7,7,5,4,2,ads008@ucsd.edu
1/12/2026 12:04:54,Yes,Male,18,University of California San Diego,Computer Science,Some college,First year,No,No,7,7,3,3,3,3,3,3,6,1,2,No prior exposure,"Hard to find guidance/mentors, Not sure where to start, I don’t feel like I belong in this space","Embedded programming (Arduino, microcontrollers), Robot control (PID, motion), Computer vision / perception, Machine learning for robotics, Planning / navigation (mapping, path planning), Robot simulation (Gazebo, PyBullet, etc.)","Interest in AI/autonomy, Career goals","Deeper understanding of simulations (PyBullet), Mapping and perception, Understanding sensors","Part of Triton Droids, these workshops were mentioned as helpful",7,7,7,7,7,7,5,ogershony@ucsd.edu
1/12/2026 12:09:24,Yes,Female,21,University of California San Diego,Computer Science,Some college,Third year,No,No,5,6,4,5,3,1,1,2,4,2,1,"Lack of confidence, No prior exposure, Not sure where to start","Not enough time, Not enough background, Cost of parts/tools, Not sure where to start","Embedded programming (Arduino, microcontrollers), Robot control (PID, motion), Computer vision / perception, Machine learning for robotics","Interest in AI/autonomy, Hands-on experience, Career goals, Learning programming","Deeper understanding of simulations (PyBullet), Robotics programming, Mapping and perception, Understanding sensors",Saw an email,7,7,7,5,4,6,6,acabusi@ucsd.edu
1/12/2026 12:13:39,Yes,Male,21,University of California San Diego,Mechanical Engineering ,Bachelor's Degree,Third year,Yes,Yes,3,3,4,3,3,2,3,2,3,3,3,"Lack of resources, No prior exposure, Not sure where to start","Not enough time, Not enough background, Hard to find guidance/mentors","Building hardware / mechanical design, Robot control (PID, motion), Machine learning for robotics, Product/design applications (healthcare, manufacturing, home)","Curiosity about robotics, Interest in AI/autonomy, Hands-on experience, Career goals, Learning programming","Robotics programming, Mapping and perception",I think this will be good exposure as to what is happening in this industry.,7,7,7,7,7,7,2,kebraun@ucsd.edu
1/12/2026 12:20:43,No,,,,,,,,,,,,,,,,,,,,,,,,,,,,,,,,,nabzhanov@ucsd.edu
1/12/2026 12:22:44,Yes,Male,22,University of California San Diego,Computer Science,Bachelor's Degree,Third year,No,No,5,3,6,5,4,2,1,1,2,1,2,"Lack of resources, Lack of confidence","Not enough time, Not enough background, Hard to find guidance/mentors","Embedded programming (Arduino, microcontrollers), Robot control (PID, motion), Computer vision / perception, Machine learning for robotics, Planning / navigation (mapping, path planning), Robot simulation (Gazebo, PyBullet, etc.)","Curiosity about robotics, Hands-on experience, Career goals","Deeper understanding of simulations (PyBullet), Robotics programming, Mapping and perception, Understanding sensors","I always had a deep interest in the field of robotics, but I never knew where to start and have a proper structure to learn about it",7,7,7,7,7,7,4,jaw073@ucsd.edu
1/12/2026 12:24:59,Yes,Male,22,University of California San Diego,Computer Science,Bachelor's Degree,Fourth year,Yes,No,7,6,7,7,7,7,4,4,5,6,5,Nothing in particular,Nothing in particular,"Computer vision / perception, Machine learning for robotics, Planning / navigation (mapping, path planning), Human-robot interaction, Robot simulation (Gazebo, PyBullet, etc.)","Curiosity about robotics, Interest in AI/autonomy","Deeper understanding of simulations (PyBullet), Robotics programming, Mapping and perception, Understanding sensors",Gmail,7,7,7,7,7,7,7,atiku@ucsd.edu
1/12/2026 12:34:03,Yes,Male,20,University of California San Diego,Computer Science,High school,Third year,No,No,3,6,2,2,1,1,1,1,1,1,1,"Lack of resources, Lack of confidence, No prior exposure, Not sure where to start","Not enough background, Hard to find guidance/mentors, Not sure where to start","Electronics / sensors, Embedded programming (Arduino, microcontrollers), Computer vision / perception, Machine learning for robotics, Robot simulation (Gazebo, PyBullet, etc.)","Interest in AI/autonomy, Hands-on experience, Career goals, Learning programming","Deeper understanding of simulations (PyBullet), Robotics programming, Mapping and perception, Understanding sensors",Interested in embedded programming as a field or career i wanna get into. Robotics is a more in depth field of Embedded and I'm curious if this topics interest me to further explore.,4,5,5,7,5,5,6,Asespene@ucsd.edu
1/12/2026 13:03:56,Yes,Female,18,University of California San Diego,CS,High school,First year,No,No,6,5,3,3,1,1,1,1,2,1,1,"No prior exposure, Not sure where to start","Not enough time, Cost of parts/tools, Hard to find guidance/mentors, Not sure where to start","Computer vision / perception, Machine learning for robotics, Planning / navigation (mapping, path planning), Human-robot interaction","Curiosity about robotics, Interest in AI/autonomy, Hands-on experience","Robotics programming, Mapping and perception, Understanding sensors",Interest in Robotics,6,7,5,7,7,7,2,mydong@ucsd.edu
1/12/2026 13:11:52,Yes,Male,22,University of California San Diego,Computer Engineering,Some college,Third year,Yes,No,6,1,1,1,1,1,1,1,1,1,1,"Lack of resources, Lack of confidence, No prior exposure, Not sure where to start","Not enough time, Not enough background, Cost of parts/tools, Hard to find guidance/mentors, Not sure where to start","Embedded programming (Arduino, microcontrollers), Computer vision / perception, Machine learning for robotics, Planning / navigation (mapping, path planning)","Curiosity about robotics, Interest in AI/autonomy, Hands-on experience, Career goals, Learning programming","Deeper understanding of simulations (PyBullet), Robotics programming, Mapping and perception, Understanding sensors",I'm interested,7,7,7,7,7,7,4,walghaithi@ucsd.edu
1/12/2026 13:27:09,Yes,Male,20,University of California San Diego,Mechanical Engineering,Some college,Second year,No,No,4,3,6,5,4,1,1,1,2,2,2,"Lack of confidence, No prior exposure, Not sure where to start","Not enough time, Not enough background, Hard to find guidance/mentors, Not sure where to start","Building hardware / mechanical design, Robot control (PID, motion), Machine learning for robotics","Curiosity about robotics, Hands-on experience, Career goals, Learning programming","Deeper understanding of simulations (PyBullet), Robotics programming, Mapping and perception, Understanding sensors","Saw it in my gmail, I already ""work"" in robotics a little in student organizations, and would like to know more about robotics from an established source.",6,5,5,6,4,5,3,blondono@ucsd.edu
1/12/2026 13:35:15,Yes,Female,20,University of California San Diego,Mechanical Engineering,Some college,Third year,No,No,5,5,4,4,4,1,1,1,1,1,1,"Lack of resources, Lack of confidence, Not sure where to start","Not enough time, Not enough background, Hard to find guidance/mentors, Not sure where to start","Building hardware / mechanical design, Robot control (PID, motion)","Curiosity about robotics, Hands-on experience, Career goals","Robotics programming, Mapping and perception, Understanding sensors",I wanted to see how I could get into robotics as a career as I’m interested in controls.,7,5,7,6,5,5,3,c2kwan@ucsd.edu
1/12/2026 13:44:04,Yes,Male,20,University of California San Diego,electrical engineering ,Some college,Second year,No,No,4,6,6,6,5,2,1,1,5,4,5,Competitive labs,Hard to find guidance/mentors,"Robot control (PID, motion), Computer vision / perception, Machine learning for robotics, Planning / navigation (mapping, path planning), Human-robot interaction, Robot simulation (Gazebo, PyBullet, etc.)","Curiosity about robotics, Interest in AI/autonomy, Hands-on experience, Career goals","Deeper understanding of simulations (PyBullet), Robotics programming, Mapping and perception, Understanding sensors","I’ve been very interested in robotics since I got to ucsd, and my goal is to get into a lab.",7,7,7,7,7,7,3,gag009@ucsd.edu
1/12/2026 15:00:37,No,,,,,,,,,,,,,,,,,,,,,,,,,,,,,,,,,ejimenezvalle@ucsd.edu
1/12/2026 15:01:08,Yes,Male,22,University of California San Diego,Computer Engineering,Bachelor's Degree,Third year,Yes,No,5,6,6,6,5,3,3,3,3,2,2,Lack of resources,"Hard to find guidance/mentors, Not sure where to start","Building hardware / mechanical design, Electronics / sensors, Embedded programming (Arduino, microcontrollers), Robot control (PID, motion), Computer vision / perception, Machine learning for robotics, Planning / navigation (mapping, path planning), Product/design applications (healthcare, manufacturing, home), Robot simulation (Gazebo, PyBullet, etc.)","Curiosity about robotics, Interest in AI/autonomy, Hands-on experience, Career goals, Learning programming","Deeper understanding of simulations (PyBullet), Robotics programming, Mapping and perception, Understanding sensors",I would like to work with PyBullet and robotics hardware/programming. Also it would be great to grasp a deeper understanding of robot mapping.,6,5,7,6,5,6,3,jak073@ucsd.edu
1/12/2026 15:01:25,Yes,Male,21,University of California San Diego,Electrical and Computer Engineering,Some college,Second year,No,No,5,4,3,3,2,1,1,1,2,1,1,"Lack of resources, Not sure where to start","Not enough time, Not enough background, Hard to find guidance/mentors","Building hardware / mechanical design, Robot control (PID, motion), Computer vision / perception, Machine learning for robotics, Planning / navigation (mapping, path planning)","Curiosity about robotics, Interest in AI/autonomy, Hands-on experience, Career goals","Deeper understanding of simulations (PyBullet), Robotics programming, Mapping and perception, Understanding sensors",Gmail,7,7,7,6,5,7,1,kweraarchakul@ucsd.edu
1/12/2026 15:01:49,Yes,Male,18,University of California San Diego,Computer Engineering,High school,First year,Yes,No,5,4,4,4,3,4,2,3,4,3,1,Lack of confidence,"Cost of parts/tools, Hard to find guidance/mentors","Electronics / sensors, Embedded programming (Arduino, microcontrollers), Robot control (PID, motion), Computer vision / perception, Machine learning for robotics, Planning / navigation (mapping, path planning), Human-robot interaction, Robot simulation (Gazebo, PyBullet, etc.)","Curiosity about robotics, Interest in AI/autonomy, Hands-on experience, Career goals, Learning programming","Deeper understanding of simulations (PyBullet), Mapping and perception, Understanding sensors","I believe this workshop will give me great insight and critical background knowledge into the world of robotics, which can be hugely helpful in the future.",7,7,7,7,7,7,2,ark009@ucsd.edu
1/12/2026 15:02:02,Yes,Male,19,University of California San Diego,electrical engineer ,Some college,First year,No,No,3,3,2,3,1,1,1,1,1,1,1,"Lack of confidence, Not sure where to start",Hard to find guidance/mentors,"Building hardware / mechanical design, Electronics / sensors, Embedded programming (Arduino, microcontrollers), Robot control (PID, motion), Machine learning for robotics, Human-robot interaction","Curiosity about robotics, Hands-on experience, Career goals","Deeper understanding of simulations (PyBullet), Mapping and perception, Understanding sensors",I want to persue in a robotics related career and find this as a good start to getting a better idea of what I’m in for ,7,6,7,7,7,7,2,jvmadrid@ucsd.edu
1/12/2026 15:05:49,Yes,Male,23,University of California San Diego,Electrical Engineering,Some college,Third year,No,No,5,1,3,4,4,2,1,1,2,1,1,"Lack of confidence, No prior exposure, Not sure where to start","Not enough time, Not enough background, Hard to find guidance/mentors, Not sure where to start, I don’t feel like I belong in this space","Building hardware / mechanical design, Electronics / sensors, Embedded programming (Arduino, microcontrollers), Robot control (PID, motion), Computer vision / perception, Machine learning for robotics, Planning / navigation (mapping, path planning), Human-robot interaction, Product/design applications (healthcare, manufacturing, home), Robot simulation (Gazebo, PyBullet, etc.)","Curiosity about robotics, Interest in AI/autonomy, Hands-on experience, Career goals, Learning programming","Deeper understanding of simulations (PyBullet), Robotics programming, Mapping and perception, Understanding sensors","Getting background information about robotics to see if I'm interested, be more prepared for jobs, and learn more.",6,5,6,7,5,4,3,c4ong@ucsd.edu
1/12/2026 15:07:35,Yes,Male,19,University of California San Diego,Computer engineering ,Bachelor's Degree,Second year,Yes,Yes,5,6,5,6,4,1,1,1,4,2,1,Nothing in particular,"Hard to find guidance/mentors, Not sure where to start","Electronics / sensors, Robot control (PID, motion), Computer vision / perception, Machine learning for robotics, Human-robot interaction","Curiosity about robotics, Interest in AI/autonomy, Career goals","Deeper understanding of simulations (PyBullet), Robotics programming, Mapping and perception",Sounds like an awesome opportunity to expose myself to this field,6,6,6,5,6,7,3,skorada@ucsd.edu
1/12/2026 15:08:38,Yes,Male,21,University of California San Diego,computer engineering,High school,Fourth year,Yes,No,7,7,7,7,7,7,3,6,5,7,7,Nothing in particular,Nothing in particular,"Robot control (PID, motion), Machine learning for robotics, Planning / navigation (mapping, path planning), Product/design applications (healthcare, manufacturing, home)","Curiosity about robotics, Interest in AI/autonomy, Career goals",Deeper understanding of simulations (PyBullet),"I’m in Prof Atanasovs lab, so I thought it would be fun to show up and meet other people interested in robotics!",7,7,7,6,7,7,3,arj003@ucsd.edu
1/12/2026 15:09:10,Yes,Male,19,University of California San Diego,Computer Science,Some college,Second year,No,No,3,1,2,1,1,1,1,1,2,1,1,"No prior exposure, Not sure where to start","Not enough time, Cost of parts/tools, Not sure where to start","Embedded programming (Arduino, microcontrollers), Robot control (PID, motion), Computer vision / perception","Curiosity about robotics, Hands-on experience","Deeper understanding of simulations (PyBullet), Robotics programming, Mapping and perception, Understanding sensors","Interested in learning more about robotics, find a starting point to learning",5,5,6,5,4,5,3,alichtenberger@ucsd.edu
1/12/2026 15:10:36,Yes,Female,21,University of California San Diego,Electrical engineering ,Some college,Fourth year,Yes,No,3,1,3,1,1,1,1,1,1,1,1,"Lack of confidence, No prior exposure, Not sure where to start",Not sure where to start,"Electronics / sensors, Planning / navigation (mapping, path planning), Human-robot interaction, Product/design applications (healthcare, manufacturing, home)","Curiosity about robotics, Interest in AI/autonomy, Career goals, Learning programming","Deeper understanding of simulations (PyBullet), Robotics programming, Mapping and perception, Understanding sensors",Wanted to get my hands wet with practical application ,7,4,5,6,3,5,5,sjandhyala@ucsd.edu
1/12/2026 15:11:14,Yes,Male,21,University of California San Diego,Computer Science and Engineering,Some college,Third year,Yes,No,4,3,5,4,5,2,1,1,3,3,2,"Lack of confidence, Not sure where to start","Hard to find guidance/mentors, Not sure where to start","Embedded programming (Arduino, microcontrollers), Computer vision / perception, Machine learning for robotics, Planning / navigation (mapping, path planning), Human-robot interaction","Curiosity about robotics, Interest in AI/autonomy, Hands-on experience, Career goals, Learning programming","Deeper understanding of simulations (PyBullet), Robotics programming, Mapping and perception, Understanding sensors",Curiosity and career interest,7,7,7,6,6,6,3,atg008@ucsd.edu
1/12/2026 15:11:26,Yes,Male,20,University of California San Diego,Mathematics (Applied),Bachelor's Degree,First year,No,No,6,4,3,6,6,1,1,1,4,6,1,Nothing in particular,Hard to find guidance/mentors,"Robot control (PID, motion), Computer vision / perception, Machine learning for robotics, Planning / navigation (mapping, path planning)","Curiosity about robotics, Interest in AI/autonomy","Deeper understanding of simulations (PyBullet), Mapping and perception","I wish to gain some insight into the work done by the ERL, to gauge whether the research done by the ERL is something I wish to contribute toward.",6,7,7,7,7,6,3,hnatarajan@ucsd.edu
1/12/2026 15:12:23,Yes,Male,20,University of California San Diego,Electrical Engineering,Some college,Third year,No,No,5,5,5,5,4,3,3,3,3,6,4,Nothing in particular,Nothing in particular,"Robot control (PID, motion), Computer vision / perception, Machine learning for robotics, Planning / navigation (mapping, path planning), Human-robot interaction, Robot simulation (Gazebo, PyBullet, etc.)","Curiosity about robotics, Interest in AI/autonomy","Deeper understanding of simulations (PyBullet), Robotics programming, Mapping and perception, Understanding sensors",Interest in robotics,7,7,7,6,6,6,2,ann048@ucsd.edu
1/12/2026 15:15:20,Yes,Male,18,University of California San Diego,Electrical Engineering,Some college,First year,No,No,5,1,4,5,2,1,1,1,3,1,1,Not sure where to start,"Not enough time, Cost of parts/tools, Hard to find guidance/mentors","Electronics / sensors, Embedded programming (Arduino, microcontrollers), Robot control (PID, motion), Computer vision / perception, Machine learning for robotics, Planning / navigation (mapping, path planning)","Curiosity about robotics, Interest in AI/autonomy, Hands-on experience","Deeper understanding of simulations (PyBullet), Mapping and perception",I received an email about this opportunity.,7,7,7,5,4,5,4,jawerner@ucsd.edu
1/12/2026 15:17:09,Yes,Male,20,University of California San Diego,Electrical Engineering,High school,Third year,No,No,3,1,1,1,1,1,1,1,2,1,1,"No prior exposure, Nothing in particular","I need to get a job, and I’m closer to getting a job in other fields, so it makes more sense to invest time in those.","Embedded programming (Arduino, microcontrollers), Machine learning for robotics, Planning / navigation (mapping, path planning)","Curiosity about robotics, Interest in AI/autonomy","Deeper understanding of simulations (PyBullet), Robotics programming, Mapping and perception, Understanding sensors","Seemed cool. Plus, I know Nikolay Atanasov is a robotics goat.",5,6,4,1,5,5,1,iwebster@ucsd.edu
1/12/2026 15:18:02,Yes,Male,19,University of California San Diego,Electrical Engineering,Some college,Second year,Yes,No,5,5,3,2,1,1,1,1,1,3,1,"Lack of resources, Not sure where to start","Not enough time, Cost of parts/tools","Electronics / sensors, Embedded programming (Arduino, microcontrollers), Robot control (PID, motion), Computer vision / perception, Machine learning for robotics","Curiosity about robotics, Interest in AI/autonomy, Hands-on experience, Learning programming","Deeper understanding of simulations (PyBullet), Robotics programming, Mapping and perception, Understanding sensors",Email from Prof. Atanasov,5,6,5,5,7,6,,ntatsuta@ucsd.edu
1/12/2026 15:19:03,Yes,Female,24,University of California San Diego,CS,Bachelor's Degree,Third year,Yes,No,3,6,2,2,2,2,4,2,4,3,3,Lack of resources,Not sure where to start,"Embedded programming (Arduino, microcontrollers), Computer vision / perception, Machine learning for robotics",Interest in AI/autonomy,Robotics programming,To learn more a bout how Robotics programming works and use it as a starting point toward my own research. ,7,7,7,7,6,5,3,ftokhi@ucsd.edu
1/12/2026 15:21:53,Yes,Female,19,University of California San Diego,Computer engineering ,High school,Second year,Yes,No,5,5,5,5,5,3,3,3,4,5,6,"Lack of confidence, No prior exposure","Not enough time, Hard to find guidance/mentors","Computer vision / perception, Machine learning for robotics, Planning / navigation (mapping, path planning), Product/design applications (healthcare, manufacturing, home)",Hands-on experience,Mapping and perception,To learn more about mapping specifically,5,6,6,6,6,6,5,soy008@ucsd.edu
1/12/2026 15:26:32,Yes,Male,25 or older,University of California San Diego,Electrical Engineering ,Some college,Third year,No,No,2,2,2,3,3,2,1,,2,2,,No prior exposure,"Hard to find guidance/mentors, Not sure where to start","Building hardware / mechanical design, Electronics / sensors, Robot control (PID, motion), Computer vision / perception, Planning / navigation (mapping, path planning), Human-robot interaction","Curiosity about robotics, Hands-on experience","Deeper understanding of simulations (PyBullet), Robotics programming, Mapping and perception, Understanding sensors",Career interest ,5,3,5,4,5,4,,jalvine@ucsd.edu
1/12/2026 15:28:52,Yes,Male,21,University of California San Diego,Computer Engineering ,Some college,Third year,No,Prefer not to say,6,6,7,7,7,5,2,3,5,2,6,Nothing in particular,Not enough time,"Building hardware / mechanical design, Electronics / sensors, Embedded programming (Arduino, microcontrollers)","Curiosity about robotics, Hands-on experience","Mapping and perception, Understanding sensors",Curiosity ,7,2,5,4,6,6,2,mbusel@ucsd.edu
1/12/2026 15:29:47,Yes,Male,18,University of California San Diego,Electrical Engineering,Some college,First year,No,No,1,1,1,2,2,1,1,1,1,1,3,"Lack of resources, No prior exposure","Not enough background, Cost of parts/tools, Hard to find guidance/mentors","Building hardware / mechanical design, Electronics / sensors, Machine learning for robotics, Human-robot interaction","Curiosity about robotics, Interest in AI/autonomy, Hands-on experience, Learning programming","Deeper understanding of simulations (PyBullet), Robotics programming, Mapping and perception, Understanding sensors",Interest,7,6,5,6,5,4,2,osilitonga@ucsd.edu
1/12/2026 15:39:07,Yes,Male,19,University of California San Diego,Aerospace engineering ,Some college,First year,No,No,5,5,6,6,5,2,1,1,5,1,3,Lack of resources,"Hard to find guidance/mentors, Not sure where to start","Building hardware / mechanical design, Electronics / sensors, Computer vision / perception, Machine learning for robotics, Human-robot interaction","Curiosity about robotics, Hands-on experience","Robotics programming, Mapping and perception, Understanding sensors",If it is what made me aware of the workshop. The email sent to students. if why on a personal level. It is because I was part of a robotics team during an exchange program in highschool but when I got back to Brazil I lacked the resources to continue,7,5,6,6,7,5,5,hyamawakifachin@ucsd.edu
1/12/2026 15:40:14,Yes,Male,19,University of California San Diego,Computer Engineering,Bachelor's Degree,Second year,Yes,No,7,7,7,3,1,1,1,1,2,4,1,"Lack of resources, Not sure where to start","Not enough background, Hard to find guidance/mentors, Not sure where to start","Building hardware / mechanical design, Electronics / sensors, Embedded programming (Arduino, microcontrollers), Computer vision / perception, Human-robot interaction","Curiosity about robotics, Interest in AI/autonomy, Hands-on experience, Career goals","Deeper understanding of simulations (PyBullet), Mapping and perception, Understanding sensors",Trying to explore my interests,7,7,7,7,5,7,2,nijian@ucsd.edu
1/12/2026 15:40:33,Yes,Male,21,University of California San Diego,Electrical Engineering,Some college,Second year,Yes,No,5,5,5,5,2,1,1,1,3,4,2,"Lack of resources, Lack of confidence, Not sure where to start","Cost of parts/tools, Hard to find guidance/mentors, Not sure where to start","Electronics / sensors, Embedded programming (Arduino, microcontrollers), Robot control (PID, motion), Computer vision / perception, Machine learning for robotics, Human-robot interaction, Robot simulation (Gazebo, PyBullet, etc.)","Curiosity about robotics, Interest in AI/autonomy, Hands-on experience, Career goals, Learning programming","Deeper understanding of simulations (PyBullet), Robotics programming, Mapping and perception, Understanding sensors",I am interested in robotics as a career path,7,7,7,7,5,6,4,s4ruiz@ucsd.edu
1/12/2026 15:41:42,No,,,,,,,,,,,,,,,,,,,,,,,,,,,,,,,,,hsomaiya@ucsd.edu
1/12/2026 15:43:50,Yes,Female,22,University of California San Diego,Computer Engineering,Some college,Fourth year,Yes,No,2,4,3,4,4,1,1,1,4,3,1,No prior exposure,Not enough time,"Building hardware / mechanical design, Embedded programming (Arduino, microcontrollers)","Hands-on experience, Career goals, Learning programming","Deeper understanding of simulations (PyBullet), Robotics programming, Mapping and perception, Understanding sensors",Using python to interact with robots whether through simulation or other features. I’d like to understand the mapping theory.,5,5,5,6,6,7,2,bbajramovic@ucsd.edu
1/12/2026 15:45:12,Yes,Female,21,University of California San Diego,Computer Engineer,Some college,Fourth year,Yes,No,4,5,5,5,4,4,4,4,4,4,4,"Lack of resources, Lack of confidence, No prior exposure, Not sure where to start","Not enough time, Cost of parts/tools, Hard to find guidance/mentors","Building hardware / mechanical design, Embedded programming (Arduino, microcontrollers), Computer vision / perception, Planning / navigation (mapping, path planning), Human-robot interaction, Product/design applications (healthcare, manufacturing, home), Robot simulation (Gazebo, PyBullet, etc.)","Curiosity about robotics, Interest in AI/autonomy, Hands-on experience",Robotics programming,To  gain more experiences,5,5,6,6,4,4,4,viviantran706@gmail.com
1/12/2026 15:47:09,Yes,Male,22,University of California San Diego,Computer Science,Bachelor's Degree,Fourth year,Yes,Yes,7,7,5,5,5,5,4,3,5,6,3,Nothing in particular,Not enough time,"Machine learning for robotics, Planning / navigation (mapping, path planning), Human-robot interaction","Curiosity about robotics, Interest in AI/autonomy","Deeper understanding of simulations (PyBullet), Robotics programming, Mapping and perception, Understanding sensors",A slight long-held curiosity about robotics,6,7,5,5,6,6,2,ifaiz@ucsd.edu
1/12/2026 15:59:29,Yes,Female,20,University of California San Diego,Electrical Engineering,Some college,Second year,No,No,5,2,4,6,5,2,2,2,6,4,4,"Lack of resources, Not sure where to start","Not enough background, Hard to find guidance/mentors, Not sure where to start","Robot control (PID, motion), Planning / navigation (mapping, path planning), Human-robot interaction, Product/design applications (healthcare, manufacturing, home), Robot simulation (Gazebo, PyBullet, etc.)","Curiosity about robotics, Interest in AI/autonomy, Hands-on experience, Career goals","Deeper understanding of simulations (PyBullet), Robotics programming, Mapping and perception, Understanding sensors, Connect with people in this field",I am interested in this field but don't know where to start. I want to connect to people in this field and get some guidances or opportunities,7,7,7,6,7,7,1,sez002@ucsd.edu
1/12/2026 16:05:49,No,,,,,,,,,,,,,,,,,,,,,,,,,,,,,,,,,Emaresmoreno@ucsd.edu
1/12/2026 16:08:13,Yes,Male,22,University of California San Diego,Computer Engineering,Some college,Fourth year,Yes,No,7,7,2,2,1,1,1,1,1,1,1,"No prior exposure, Not sure where to start","Not enough time, Hard to find guidance/mentors, Not sure where to start","Embedded programming (Arduino, microcontrollers), Robot control (PID, motion), Computer vision / perception","Curiosity about robotics, Hands-on experience, Career goals, Learning programming","Mapping and perception, Understanding sensors",Seemed like a fun new thing to try,5,5,6,6,4,5,2,mgoldberg@ucsd.edu
1/12/2026 16:09:55,Yes,Male,20,University of California San Diego,Electrical Engineering,Bachelor's Degree,Third year,Prefer not to say,No,5,6,3,4,3,1,1,1,2,2,1,"Lack of resources, Lack of confidence, Not sure where to start, Nothing in particular","Not enough background, Hard to find guidance/mentors, Not sure where to start","Robot control (PID, motion), Computer vision / perception, Machine learning for robotics, Planning / navigation (mapping, path planning), Robot simulation (Gazebo, PyBullet, etc.)","Curiosity about robotics, Interest in AI/autonomy, Hands-on experience, Career goals","Deeper understanding of simulations (PyBullet), Robotics programming, Mapping and perception",I am interested in pursuing robotics and the work that ERL does looks very interesting to me.,7,7,7,7,5,6,4,s4chakraborty@ucsd.edu
1/12/2026 16:16:17,Yes,Male,20,University of California San Diego,Electrical engineering - ML & Controls Depth,Some college,Third year,No,No,4,1,5,5,5,2,1,1,5,1,1,"No prior exposure, Not sure where to start","Not enough background, Hard to find guidance/mentors, Not sure where to start","Electronics / sensors, Machine learning for robotics, Product/design applications (healthcare, manufacturing, home)","Curiosity about robotics, Interest in AI/autonomy, Career goals","Deeper understanding of simulations (PyBullet), Robotics programming, Mapping and perception, Understanding sensors",I want to learn more about robotics,6,7,7,7,7,7,1,p1aung@ucsd.edu
1/12/2026 16:26:23,Yes,Male,20,University of California San Diego,Computer Engineering,Some college,Third year,No,No,5,5,4,4,5,3,3,3,5,3,4,"Lack of resources, Lack of confidence, Not sure where to start","Not enough time, Cost of parts/tools, Hard to find guidance/mentors, Not sure where to start","Building hardware / mechanical design, Electronics / sensors, Embedded programming (Arduino, microcontrollers), Robot control (PID, motion)","Curiosity about robotics, Hands-on experience, Career goals","Deeper understanding of simulations (PyBullet), Robotics programming",It's always good to learn new things and dip your feet into various fields to figure out exactly what you want to do,7,3,5,5,5,5,4,bbalingit@ucsd.edu
1/12/2026 16:29:17,Yes,Male,19,University of California San Diego,Electrical Engineering,Some college,Second year,No,No,5,6,3,5,5,3,1,1,3,5,3,"No prior exposure, Not sure where to start","Hard to find guidance/mentors, Not sure where to start","Electronics / sensors, Embedded programming (Arduino, microcontrollers), Robot control (PID, motion), Computer vision / perception, Machine learning for robotics","Curiosity about robotics, Interest in AI/autonomy, Hands-on experience, Career goals, Learning programming","Deeper understanding of simulations (PyBullet), Robotics programming, Mapping and perception, Understanding sensors",Interested in gaining exposure to robotics and hopefully meeting others that have similar interests.,6,6,6,6,6,6,3,yaf010@ucsd.edu
1/12/2026 17:18:37,Yes,Male,20,University of California San Diego,Computer Science with Bioinformatics,Some college,Second year,Prefer not to say,No,4,4,2,3,1,1,1,1,2,1,1,"No prior exposure, Not sure where to start","Not enough background, Not sure where to start","Embedded programming (Arduino, microcontrollers), Computer vision / perception, Machine learning for robotics, Planning / navigation (mapping, path planning), Product/design applications (healthcare, manufacturing, home), Robot simulation (Gazebo, PyBullet, etc.)","Curiosity about robotics, Interest in AI/autonomy, Hands-on experience, Learning programming","Deeper understanding of simulations (PyBullet), Robotics programming, Mapping and perception, Understanding sensors",It was just an interest in robotics that I've never pursued and this seems like an opportunity to learn more.,6,6,6,4,5,4,3,aas025@ucsd.edu
1/12/2026 17:28:26,Yes,Male,21,University of California San Diego,Computer Engineering (ECE),Some college,Third year,No,No,6,3,1,1,1,3,3,3,1,1,1,"Lack of confidence, Not sure where to start",Not sure where to start,"Embedded programming (Arduino, microcontrollers), Computer vision / perception, Machine learning for robotics","Curiosity about robotics, Hands-on experience","Robotics programming, Understanding sensors",I have always been interested in robotics but I have never known how to start and felt overwhelmed in starting. Hoping this will be a nice way for me to get into it and start to understand.,6,4,5,7,7,5,1,dstennet@ucsd.edu
1/12/2026 17:29:28,Yes,Male,21,University of California San Diego,Computer engineering,Some college,Fourth year,Yes,No,7,6,6,4,3,2,1,6,5,3,3,Nothing in particular,"Not enough time, Hard to find guidance/mentors","Embedded programming (Arduino, microcontrollers), Robot control (PID, motion), Computer vision / perception, Machine learning for robotics, Planning / navigation (mapping, path planning), Human-robot interaction, Product/design applications (healthcare, manufacturing, home), Robot simulation (Gazebo, PyBullet, etc.)","Interest in AI/autonomy, Career goals",Robotics programming,Interest in robotics,5,6,4,4,4,5,4,koyang@ucsd.edu
1/12/2026 17:38:24,Yes,Non-binary,21,University of California San Diego,Mechanical Engineering,Some college,Fourth year,No,No,4,5,6,6,5,3,1,1,3,1,2,"Lack of resources, No prior exposure, Not sure where to start","Not enough time, Cost of parts/tools","Building hardware / mechanical design, Embedded programming (Arduino, microcontrollers), Robot control (PID, motion), Computer vision / perception, Planning / navigation (mapping, path planning), Human-robot interaction","Curiosity about robotics, Hands-on experience, Learning programming","Deeper understanding of simulations (PyBullet), Robotics programming, Mapping and perception, Understanding sensors",I really want to get better at robotics and learn how to work on robotics projects from scratch.,7,5,7,6,7,7,4,ocrocker@ucsd.edu
1/12/2026 17:48:41,Yes,Male,20,University of California San Diego,Electrical Engineering,Bachelor's Degree,Third year,Yes,No,5,5,3,4,3,3,3,3,5,5,6,"Lack of resources, No prior exposure",Hard to find guidance/mentors,"Embedded programming (Arduino, microcontrollers), Robot control (PID, motion), Computer vision / perception, Machine learning for robotics","Interest in AI/autonomy, Hands-on experience, Career goals","Deeper understanding of simulations (PyBullet), Robotics programming, Understanding sensors",I'm interested in working with programming and hope to meet with professor Nikolay to talk about my future goals.,7,7,7,7,7,7,4,vveerapaneni@ucsd.edu
1/12/2026 18:01:30,Yes,Female,19,University of California San Diego,EE,Some college,Second year,Prefer not to say,No,4,4,4,4,4,4,4,4,4,4,4,"Lack of resources, Lack of confidence, No prior exposure, Not sure where to start","Not enough time, Not enough background, Hard to find guidance/mentors, Not sure where to start","Building hardware / mechanical design, Electronics / sensors, Robot control (PID, motion), Computer vision / perception, Machine learning for robotics, Human-robot interaction",Career goals,"Deeper understanding of simulations (PyBullet), Robotics programming, Understanding sensors",Interesting ,4,4,4,4,4,4,4,e3jin@ucsd.edu
1/12/2026 18:16:52,Yes,Male,20,University of California San Diego,Computer Engineering,Some college,Third year,Yes,No,6,7,6,7,6,5,5,5,7,5,6,"Lack of resources, Lack of confidence, No prior exposure","Not enough background, Cost of parts/tools, Hard to find guidance/mentors","Embedded programming (Arduino, microcontrollers), Robot control (PID, motion), Computer vision / perception, Machine learning for robotics, Planning / navigation (mapping, path planning), Human-robot interaction, Robot simulation (Gazebo, PyBullet, etc.)","Curiosity about robotics, Interest in AI/autonomy, Hands-on experience, Career goals","Deeper understanding of simulations (PyBullet), Robotics programming, Mapping and perception, Understanding sensors","I got the email, and as someone working with Triton Droids, building our first humanoid robot, I found it incredible timing, as I have found an intense interest in both mapping and path planning, through concepts such as LIDAR, SLAM algorithms, and Computer Vision systems, just as I found this workshop. I am ecstatic for this chance to learn more in this subfield of robotics I have less experience in. ",7,7,7,6,7,6,5,rsabhlok@ucsd.edu
1/12/2026 18:23:29,Yes,Male,23,University of California San Diego,CE,Bachelor's Degree,Fourth year,No,No,3,5,1,1,1,1,1,1,1,5,1,"Lack of confidence, No prior exposure, Not sure where to start","Not enough time, Cost of parts/tools, Not sure where to start","Embedded programming (Arduino, microcontrollers), Robot control (PID, motion), Computer vision / perception, Machine learning for robotics","Curiosity about robotics, Interest in AI/autonomy, Hands-on experience","Robotics programming, Understanding sensors",Interest in Robotics,5,5,7,5,5,7,2,aenavarrete@ucsd.edu
1/12/2026 18:40:34,Yes,Male,18,University of California San Diego,Computer Science,Some college,First year,No,No,4,3,5,6,4,3,1,1,4,1,2,I have participated in VEX Robotics competitions in high school.,"Not enough time, Cost of parts/tools, Hard to find guidance/mentors, Not sure where to start","Building hardware / mechanical design, Electronics / sensors, Embedded programming (Arduino, microcontrollers), Robot control (PID, motion), Computer vision / perception, Machine learning for robotics, Planning / navigation (mapping, path planning), Human-robot interaction, Product/design applications (healthcare, manufacturing, home), Robot simulation (Gazebo, PyBullet, etc.)","Curiosity about robotics, Interest in AI/autonomy, Learning programming","Deeper understanding of simulations (PyBullet), Robotics programming, Mapping and perception, Understanding sensors",Interest in a freely available opportunity to have more exposure to robotics concepts and applications.,7,7,5,5,5,7,1,arafal@ucsd.edu
1/12/2026 19:00:02,Yes,Male,18,University of California San Diego,Electrical Engineering,High school,First year,Prefer not to say,No,5,1,7,7,7,1,1,1,4,1,1,Nothing in particular,Cost of parts/tools,"Building hardware / mechanical design, Electronics / sensors",Learning programming,"Deeper understanding of simulations (PyBullet), Mapping and perception",email,7,7,7,7,7,7,7,sjbehar@ucsd.edu
1/12/2026 19:14:24,Yes,Male,20,University of California San Diego,Computer Engineering,Bachelor's Degree,Third year,Yes,No,5,6,2,3,5,3,1,1,1,4,1,Not sure where to start,Not enough background,"Computer vision / perception, Machine learning for robotics, Planning / navigation (mapping, path planning), Human-robot interaction, Product/design applications (healthcare, manufacturing, home)","Curiosity about robotics, Interest in AI/autonomy",Deeper understanding of simulations (PyBullet),I wanted to learn more about feature mapping.,6,6,6,6,6,6,2,mil118@ucsd.edu
1/12/2026 19:25:38,Yes,Male,18,University of California San Diego,Mathematics - Computer Science ,Some college,First year,No,No,5,5,3,4,3,1,1,1,1,1,1,"No prior exposure, Not sure where to start, Nothing in particular","Not enough time, Not enough background, Not sure where to start","Building hardware / mechanical design, Electronics / sensors, Embedded programming (Arduino, microcontrollers), Robot control (PID, motion), Computer vision / perception, Machine learning for robotics, Planning / navigation (mapping, path planning), Human-robot interaction, Robot simulation (Gazebo, PyBullet, etc.)","Curiosity about robotics, Interest in AI/autonomy, Hands-on experience, Career goals","Deeper understanding of simulations (PyBullet), Robotics programming, Mapping and perception, Understanding sensors",Was very curious and I wanted an opportunity to try Robotics ,7,7,6,6,4,6,4,d2gao@ucsd.edu
1/12/2026 19:29:46,Yes,Male,20,University of California San Diego,Computer Engineering,Some college,Third year,No,No,6,4,5,3,3,1,1,3,5,5,6,"Lack of resources, No prior exposure","Cost of parts/tools, Hard to find guidance/mentors","Building hardware / mechanical design, Electronics / sensors, Embedded programming (Arduino, microcontrollers), Robot control (PID, motion), Computer vision / perception, Machine learning for robotics, Planning / navigation (mapping, path planning), Human-robot interaction","Curiosity about robotics, Interest in AI/autonomy, Hands-on experience, Career goals, Learning programming","Deeper understanding of simulations (PyBullet), Robotics programming, Mapping and perception, Understanding sensors",I was looking for a research lab to join and I found this research incredibly interesting and found that it would be something I would want to learn more about. ,7,7,7,7,7,7,1,erahman@ucsd.edu
1/12/2026 20:07:52,Yes,Male,19,University of California San Diego,Electrical Engineering,Some college,Second year,No,No,4,5,5,4,1,1,1,1,4,1,1,"Lack of resources, Lack of confidence, No prior exposure, Not sure where to start","Hard to find guidance/mentors, Not sure where to start","Building hardware / mechanical design, Electronics / sensors, Embedded programming (Arduino, microcontrollers), Product/design applications (healthcare, manufacturing, home)","Curiosity about robotics, Interest in AI/autonomy, Hands-on experience, Career goals, Learning programming",Robotics programming,Email,6,7,7,7,4,7,1,ocanizales626@gmail.com
1/12/2026 20:41:38,No,,,,,,,,,,,,,,,,,,,,,,,,,,,,,,,,,vnadheria@ucsd.edu
1/12/2026 21:27:12,Yes,Female,18,University of California San Diego,Artificial Intelligence,Some college,First year,No,No,5,5,4,1,1,1,1,1,1,1,1,"Lack of confidence, No prior exposure, Not sure where to start","Not sure where to start, I don’t feel like I belong in this space","Computer vision / perception, Machine learning for robotics, Planning / navigation (mapping, path planning), Product/design applications (healthcare, manufacturing, home), Robot simulation (Gazebo, PyBullet, etc.)","Interest in AI/autonomy, Hands-on experience","Deeper understanding of simulations (PyBullet), Robotics programming, Mapping and perception, Understanding sensors",All the above in the previous question--deeper understanding of simulations and learning more about robotics beyond the surface level stuff,7,7,7,7,5,6,1,nifong@ucsd.edu
1/12/2026 22:42:20,Yes,Male,18,University of California San Diego,Aerospace Engineering,High school,First year,Prefer not to say,No,5,2,7,6,6,3,1,1,5,1,1,"Lack of resources, Not sure where to start",Not enough time,"Building hardware / mechanical design, Electronics / sensors, Embedded programming (Arduino, microcontrollers), Robot control (PID, motion), Computer vision / perception, Planning / navigation (mapping, path planning), Human-robot interaction, Product/design applications (healthcare, manufacturing, home), Robot simulation (Gazebo, PyBullet, etc.)","Curiosity about robotics, Hands-on experience, Career goals, Learning programming","Deeper understanding of simulations (PyBullet), Robotics programming, Mapping and perception, Understanding sensors",I thought it would be interesting to learn.,7,1,7,7,4,7,5,erhom@ucsd.edu
1/12/2026 23:38:20,Yes,Male,21,University of California San Diego,Electrical engineering ,Some college,Fourth year,No,No,5,5,1,1,1,1,1,1,1,6,1,"Lack of resources, Lack of confidence, No prior exposure, Not sure where to start","Not enough time, Not enough background, Hard to find guidance/mentors, Not sure where to start","Electronics / sensors, Embedded programming (Arduino, microcontrollers), Robot control (PID, motion), Computer vision / perception, Machine learning for robotics","Interest in AI/autonomy, Hands-on experience, Learning programming","Deeper understanding of simulations (PyBullet), Robotics programming, Mapping and perception, Understanding sensors",To broaden my skills and look how they could apply in robotics. Get an understanding in sensor integration for my club,7,7,7,7,7,7,2,laalithnalluri@gmail.com
1/13/2026 0:34:20,Yes,Non-binary,20,University of California San Diego,Computer science,Some college,Third year,Prefer not to say,No,5,2,6,6,5,1,1,1,5,1,2,Did robotics in high school,"Not enough time, Not enough background, Hard to find guidance/mentors, I don’t feel like I belong in this space","Building hardware / mechanical design, Electronics / sensors, Embedded programming (Arduino, microcontrollers), Robot control (PID, motion), Computer vision / perception, Machine learning for robotics","Curiosity about robotics, Hands-on experience, Learning programming","Robotics programming, Mapping and perception, Understanding sensors",Did robotics in high school. Team wasn’t well structured so I didn’t learn as much as I would have liked to.,7,3,7,6,5,6,4,r8diaz@ucsd.edu
1/13/2026 8:46:35,Yes,Male,18,University of California San Diego,Electrical Engineering,Some college,First year,No,No,5,5,7,7,7,7,2,5,6,6,5,Nothing in particular,Nothing in particular,"Electronics / sensors, Embedded programming (Arduino, microcontrollers), Robot control (PID, motion), Computer vision / perception, Machine learning for robotics, Planning / navigation (mapping, path planning), Robot simulation (Gazebo, PyBullet, etc.)","Curiosity about robotics, Interest in AI/autonomy, Hands-on experience, Career goals, Learning programming","Robotics programming, Mapping and perception, Understanding sensors",I saw an email and it seemed interesting.,7,5,7,7,7,7,2,vkommera@ucsd.edu
1/13/2026 9:29:47,Yes,Male,21,University of California San Diego,Electrical Engineering,Some college,Fourth year,No,Yes,5,5,5,3,7,3,2,2,6,6,3,"Lack of confidence, Not sure where to start","Hard to find guidance/mentors, Not sure where to start","Building hardware / mechanical design, Electronics / sensors, Embedded programming (Arduino, microcontrollers), Robot control (PID, motion), Product/design applications (healthcare, manufacturing, home)","Curiosity about robotics, Hands-on experience, Career goals","Robotics programming, Mapping and perception, Understanding sensors","I have a strong interest in robotics, but I lack experience and don't know where to start.",7,6,7,7,7,7,3,ilahdab@ucsd.edu
1/13/2026 10:04:45,No,,,,,,,,,,,,,,,,,,,,,,,,,,,,,,,,,brc016@ucsd.edu
1/13/2026 10:37:04,Yes,Male,25 or older,MiraCosta ,Electrical Engineering ,Some college,Third year,Yes,No,6,3,4,5,5,3,1,1,3,1,1,"Lack of resources, No prior exposure",Hard to find guidance/mentors,"Electronics / sensors, Embedded programming (Arduino, microcontrollers), Robot control (PID, motion), Computer vision / perception, Machine learning for robotics, Planning / navigation (mapping, path planning), Human-robot interaction, Product/design applications (healthcare, manufacturing, home), Robot simulation (Gazebo, PyBullet, etc.)","Curiosity about robotics, Interest in AI/autonomy, Career goals","Deeper understanding of simulations (PyBullet), Robotics programming, Mapping and perception, Understanding sensors",At my community college i have a small internship where i plan on building a robot using lidar and ROS2. I want to make this robot autonomous so i want to learn more about mapping  ,7,7,7,7,6,6,5,xxclopeztapiaxx@gmail.com
1/13/2026 11:18:28,Yes,Male,20,University of California San Diego,Electrical Engineering,Bachelor's Degree,Third year,Yes,No,5,7,5,6,4,1,1,1,2,3,2,"No prior exposure, Not sure where to start","Not enough background, Cost of parts/tools, Hard to find guidance/mentors","Computer vision / perception, Machine learning for robotics, Human-robot interaction","Curiosity about robotics, Interest in AI/autonomy, Hands-on experience, Career goals, Learning programming","Deeper understanding of simulations (PyBullet), Robotics programming, Mapping and perception, Understanding sensors","I am a path in ML and Intelligent Systems, and Robotics one of my central interests within.",7,7,7,7,7,7,2,dchoudhary@ucsd.edu
1/13/2026 12:23:52,Yes,Female,23,University of California San Diego,Mechanical Engineering,Some college,Second year,No,No,1,1,1,4,1,1,1,1,1,1,1,"No prior exposure, Not sure where to start","Cost of parts/tools, Hard to find guidance/mentors, Not sure where to start","Building hardware / mechanical design, Machine learning for robotics, Product/design applications (healthcare, manufacturing, home)","Curiosity about robotics, Hands-on experience, Career goals","Robotics programming, Understanding sensors",I wanted to get more exposure to robotics and its potentials.,7,4,7,7,4,7,4,cdt001@ucsd.edu
1/13/2026 12:55:57,Yes,Female,19,University of California San Diego,electrical engineering ,Some college,Second year,No,No,4,3,1,2,2,1,1,1,2,1,1,"Lack of confidence, No prior exposure, Not sure where to start","Not enough background, Hard to find guidance/mentors, Not sure where to start","Computer vision / perception, Machine learning for robotics, Human-robot interaction","Interest in AI/autonomy, Hands-on experience, Career goals","Deeper understanding of simulations (PyBullet), Robotics programming",I am interested in pursuing a career in robotics and I hope to gain information from this workshop about how to get into robotics. ,7,6,7,6,7,7,4,kvisanakarrala@ucsd.edu
1/13/2026 13:01:16,Yes,Female,19,University of California San Diego,Computer science,Bachelor's Degree,Second year,Yes,No,6,7,4,3,1,1,1,1,5,4,7,"Lack of confidence, Not sure where to start","Hard to find guidance/mentors, Not sure where to start","Robot control (PID, motion), Computer vision / perception, Machine learning for robotics","Curiosity about robotics, Interest in AI/autonomy, Hands-on experience","Robotics programming, Mapping and perception, Understanding sensors",To want to learn something interesting,7,7,6,6,5,7,3,skalarickal@ucsd.edu
1/13/2026 13:02:47,Yes,Male,20,University of California San Diego,Mechanical Engineering ,Some college,Second year,Prefer not to say,No,2,1,4,5,5,2,1,1,4,2,2,"Lack of resources, No prior exposure, Not sure where to start","Not enough background, Hard to find guidance/mentors","Building hardware / mechanical design, Electronics / sensors, Embedded programming (Arduino, microcontrollers), Robot control (PID, motion), Computer vision / perception, Machine learning for robotics, Planning / navigation (mapping, path planning), Human-robot interaction, Product/design applications (healthcare, manufacturing, home), Robot simulation (Gazebo, PyBullet, etc.)","Curiosity about robotics, Interest in AI/autonomy, Hands-on experience, Career goals, Learning programming","Deeper understanding of simulations (PyBullet), Robotics programming, Mapping and perception, Understanding sensors", ,7,7,7,5,5,6,5,riren@ucsd.edu
1/13/2026 13:08:15,Yes,Male,19,University of California San Diego,Mechanical Engineering,Some college,First year,No,No,1,1,6,6,1,1,1,1,7,1,1,"Lack of resources, No prior exposure","Cost of parts/tools, Not sure where to start","Building hardware / mechanical design, Robot control (PID, motion), Machine learning for robotics","Curiosity about robotics, Interest in AI/autonomy, Hands-on experience, Career goals","Deeper understanding of simulations (PyBullet), Robotics programming, Mapping and perception",Free time,7,6,7,7,7,7,5,fkhussain@ucsd.edu
1/13/2026 13:25:23,Yes,Male,25 or older,University of California San Diego,Computer Engineering,Some college,Fourth year,No,No,4,5,3,4,4,1,1,1,1,2,1,"No prior exposure, Not sure where to start","Not enough time, Cost of parts/tools, Not sure where to start, I don’t feel like I belong in this space","Computer vision / perception, Machine learning for robotics, Product/design applications (healthcare, manufacturing, home)","Interest in AI/autonomy, Hands-on experience",Robotics programming,I focus on ML and somehow get exposed to some robotics which I found interesting but I don't know where and how to start.,7,7,6,7,5,5,5,dun011@ucsd.edu
1/13/2026 14:19:17,Yes,Non-binary,21,University of California San Diego,Computer scoence,Some college,Fourth year,Yes,No,3,3,3,3,3,1,1,1,1,2,1,"Lack of confidence, Not sure where to start","Cost of parts/tools, Hard to find guidance/mentors, Not sure where to start","Electronics / sensors, Robot control (PID, motion), Computer vision / perception, Planning / navigation (mapping, path planning), Human-robot interaction, Product/design applications (healthcare, manufacturing, home), Robot simulation (Gazebo, PyBullet, etc.)","Curiosity about robotics, Interest in AI/autonomy, Hands-on experience, Career goals, Learning programming","Deeper understanding of simulations (PyBullet), Robotics programming, Mapping and perception, Understanding sensors",The email sounded interesting ,7,7,7,7,5,4,3,lbellama@ucsd.edu
1/13/2026 14:34:41,Yes,Male,21,University of California San Diego,Mechanical Engineering,Some college,Third year,No,No,3,1,4,4,3,1,1,1,2,1,1,No prior exposure,Not enough time,"Building hardware / mechanical design, Electronics / sensors, Embedded programming (Arduino, microcontrollers), Robot control (PID, motion), Computer vision / perception, Machine learning for robotics, Planning / navigation (mapping, path planning), Human-robot interaction, Product/design applications (healthcare, manufacturing, home), Robot simulation (Gazebo, PyBullet, etc.)","Curiosity about robotics, Interest in AI/autonomy, Hands-on experience, Career goals","Deeper understanding of simulations (PyBullet), Robotics programming, Mapping and perception, Understanding sensors",General interest in robotics without prior experience.,7,7,7,7,6,6,1,mitalbert@ucsd.edu
1/13/2026 14:56:16,Yes,Male,18,University of California San Diego,Aerospace Engineering,Some college,First year,No,No,4,2,3,6,6,1,1,,3,1,,"Lack of resources, Lack of confidence, Not sure where to start","Not enough time, Cost of parts/tools, Hard to find guidance/mentors","Building hardware / mechanical design, Robot control (PID, motion), Computer vision / perception, Machine learning for robotics, Planning / navigation (mapping, path planning)","Curiosity about robotics, Interest in AI/autonomy, Hands-on experience, Career goals","Robotics programming, Mapping and perception, Understanding sensors",It sounded interesting and a lot of the career paths I'm considering include robotics.,7,7,6,7,6,7,4,omchen@ucsd.edu
1/13/2026 15:09:50,Yes,Male,19,University of California San Diego,Math-CS,Some college,Second year,No,No,3,3,6,5,4,2,1,1,5,1,4,Nothing in particular,"Not enough time, Hard to find guidance/mentors, Not sure where to start","Robot control (PID, motion), Computer vision / perception, Machine learning for robotics, Planning / navigation (mapping, path planning)","Curiosity about robotics, Interest in AI/autonomy, Hands-on experience, Career goals, Learning programming","Deeper understanding of simulations (PyBullet), Robotics programming, Mapping and perception, Understanding sensors",Wanting to learn computer vision and robotics,7,7,7,7,7,7,3,a2levin@ucsd.edu
1/13/2026 15:24:55,Yes,Male,23,University of California San Diego,Electrical Engineering,Some college,Third year,No,No,5,6,2,5,4,1,1,1,2,1,1,"No prior exposure, Not sure where to start","Not enough background, Hard to find guidance/mentors, Not sure where to start","Building hardware / mechanical design, Electronics / sensors, Embedded programming (Arduino, microcontrollers), Robot control (PID, motion), Computer vision / perception, Product/design applications (healthcare, manufacturing, home)","Curiosity about robotics, Interest in AI/autonomy, Hands-on experience, Career goals","Deeper understanding of simulations (PyBullet), Robotics programming, Mapping and perception, Understanding sensors","I'm still undecided in what depth of EE I want to do, so I hope this gives me more incite into the robotics field.",7,7,7,7,7,6,7,amyousuf@ucsd.edu
1/13/2026 16:02:00,Yes,Male,19,University of California San Diego,Computer Science,Some college,Second year,Yes,No,7,5,3,3,3,2,2,2,4,5,3,"Lack of resources, No prior exposure, Not sure where to start","Not enough time, Not enough background, Cost of parts/tools, Hard to find guidance/mentors, Not sure where to start","Computer vision / perception, Machine learning for robotics, Planning / navigation (mapping, path planning)",Interest in AI/autonomy,"Deeper understanding of simulations (PyBullet), Robotics programming, Mapping and perception",interest,6,7,6,6,5,5,3,ssrinivasa@ucsd.edu
1/13/2026 17:18:17,Yes,Male,19,University of California San Diego,Electrical Engineering,Some college,First year,Yes,No,2,2,4,5,2,2,2,2,4,2,2,Nothing in particular,"Not enough time, Not enough background","Building hardware / mechanical design, Electronics / sensors","Curiosity about robotics, Hands-on experience, Career goals","Robotics programming, Understanding sensors",I have time to start from somewhere about this topic.,5,3,5,6,5,5,3,dtarhan@ucsd.edu
1/13/2026 18:33:03,Yes,Male,21,University of California San Diego,Computer Engineering,Some college,Fourth year,No,No,6,6,2,2,1,1,1,1,2,2,1,"Lack of resources, No prior exposure, Not sure where to start","Not enough time, Cost of parts/tools, Not sure where to start","Electronics / sensors, Embedded programming (Arduino, microcontrollers), Robot control (PID, motion), Computer vision / perception, Machine learning for robotics, Planning / navigation (mapping, path planning), Human-robot interaction, Product/design applications (healthcare, manufacturing, home), Robot simulation (Gazebo, PyBullet, etc.)","Curiosity about robotics, Interest in AI/autonomy, Hands-on experience, Career goals","Deeper understanding of simulations (PyBullet), Robotics programming, Mapping and perception, Understanding sensors",Curiosity,6,6,7,5,5,6,2,malshalaan@ucsd.edu
1/13/2026 22:36:32,Yes,Male,18,University of California San Diego,EE ,Bachelor's Degree,First year,No,No,3,3,5,5,3,1,1,1,2,1,2,"Lack of resources, No prior exposure, Not sure where to start","Not enough time, Cost of parts/tools, Hard to find guidance/mentors, Not sure where to start","Building hardware / mechanical design, Electronics / sensors, Embedded programming (Arduino, microcontrollers), Robot control (PID, motion), Machine learning for robotics, Product/design applications (healthcare, manufacturing, home)","Curiosity about robotics, Interest in AI/autonomy, Hands-on experience","Deeper understanding of simulations (PyBullet), Robotics programming, Mapping and perception, Understanding sensors",learning new things,6,6,6,7,6,5,2,eteh@ucsd.edu
1/14/2026 7:53:17,Yes,Male,20,University of California San Diego,Electrical Engineering,Some college,Third year,No,No,1,1,3,3,4,1,1,1,1,1,2,"Lack of resources, Lack of confidence, Not sure where to start","Not enough background, Hard to find guidance/mentors, Not sure where to start","Electronics / sensors, Embedded programming (Arduino, microcontrollers), Robot control (PID, motion), Computer vision / perception","Hands-on experience, Career goals, Learning programming","Robotics programming, Understanding sensors",I want to get some hands on experience with robotics and I thought this would be a good opportunity.,7,7,7,7,6,6,5,alm042@ucsd.edu
1/14/2026 7:53:59,Yes,Male,22,University of California San Diego,ECE,Some college,Fourth year,Yes,No,2,3,7,6,5,1,1,1,3,1,1,Lack of resources,"Not enough time, Cost of parts/tools, Hard to find guidance/mentors","Electronics / sensors, Embedded programming (Arduino, microcontrollers), Computer vision / perception, Human-robot interaction, Robot simulation (Gazebo, PyBullet, etc.)","Curiosity about robotics, Hands-on experience","Deeper understanding of simulations (PyBullet), Mapping and perception",I like robotics,7,4,7,5,3,7,4,gharesco@ucsd.edu
1/14/2026 7:54:30,Yes,Female,19,University of California San Diego,Computer Engineering ,Some college,Second year,Yes,No,5,6,5,5,5,2,2,2,5,6,5,"Lack of resources, Not sure where to start","Hard to find guidance/mentors, I don’t feel like I belong in this space","Building hardware / mechanical design, Electronics / sensors, Robot control (PID, motion), Computer vision / perception, Machine learning for robotics, Human-robot interaction, Product/design applications (healthcare, manufacturing, home)","Curiosity about robotics, Interest in AI/autonomy, Hands-on experience, Career goals, Learning programming","Deeper understanding of simulations (PyBullet), Robotics programming, Mapping and perception, Understanding sensors","I signed up because I want to gain more exposure to robotics, especially in areas like mapping and localization. I’ve recently started learning about controls and SLAM concepts, and I’m excited to build a stronger foundation and better understand how these ideas are applied in real robotic systems.",7,7,7,7,7,5,3,osenthil@ucsd.edu
1/14/2026 8:00:48,Yes,Female,18,University of California San Diego,Electrical engineering ,Some college,First year,Prefer not to say,Prefer not to say,1,1,4,1,1,1,1,1,1,1,1,"Lack of resources, Lack of confidence, No prior exposure, Not sure where to start","Not enough time, Not enough background, Cost of parts/tools, Hard to find guidance/mentors, Not sure where to start","Building hardware / mechanical design, Electronics / sensors, Embedded programming (Arduino, microcontrollers), Robot control (PID, motion), Computer vision / perception, Machine learning for robotics, Planning / navigation (mapping, path planning), Human-robot interaction, Product/design applications (healthcare, manufacturing, home), Robot simulation (Gazebo, PyBullet, etc.)","Curiosity about robotics, Interest in AI/autonomy, Hands-on experience, Career goals, Learning programming","Deeper understanding of simulations (PyBullet), Robotics programming, Mapping and perception, Understanding sensors",Interested in robotics,7,7,7,7,7,7,4,k1sin@ucsd.edu
1/14/2026 8:15:17,Yes,Female,22,University of California San Diego,Mechanical engineering,Bachelor's Degree,1st year grad student,Yes,No,4,4,4,5,4,2,1,2,4,2,4,"Not sure where to start, Nothing in particular",Nothing in particular,"Building hardware / mechanical design, Electronics / sensors, Embedded programming (Arduino, microcontrollers), Product/design applications (healthcare, manufacturing, home)","Curiosity about robotics, Career goals","Deeper understanding of simulations (PyBullet), Robotics programming, Mapping and perception, Understanding sensors",I want more experience with robotics and I struggled to start meaningfully. ,7,6,7,7,6,7,5,ttl030@ucsd.edu
1/14/2026 9:11:01,Yes,Male,21,University of California San Diego,Electrical Engineering,Some college,Fourth year,No,No,4,2,5,5,4,2,2,2,5,2,3,"No prior exposure, Not sure where to start","Not enough background, Cost of parts/tools","Building hardware / mechanical design, Electronics / sensors, Embedded programming (Arduino, microcontrollers), Robot control (PID, motion), Product/design applications (healthcare, manufacturing, home)","Curiosity about robotics, Interest in AI/autonomy, Hands-on experience, Career goals, Learning programming","Deeper understanding of simulations (PyBullet), Robotics programming, Mapping and perception, Understanding sensors",I want to take inspiration from this workshop to build something of my own to help further my skills with robotics and everything listed in this form.  I want to get started so I am trying to go out and experience some of these things for myself to see where I can go from it.,6,5,6,7,6,6,3,jlocquiao@ucsd.edu
1/14/2026 9:25:58,Yes,Male,23,University of California San Diego,bioengineering,Bachelor's Degree,master's,No,No,3,2,3,5,6,3,1,2,2,2,2,"Lack of resources, Lack of confidence, No prior exposure, Not sure where to start","Not enough background, Hard to find guidance/mentors, Not sure where to start","Electronics / sensors, Embedded programming (Arduino, microcontrollers), Human-robot interaction","Curiosity about robotics, Hands-on experience, Career goals, Learning programming","Deeper understanding of simulations (PyBullet), Robotics programming, Mapping and perception, Understanding sensors",interest and personal time availability,5,4,5,5,6,5,5,wschen@ucsd.edu
1/14/2026 10:07:44,No,,,,,,,,,,,,,,,,,,,,,,,,,,,,,,,,,atjon@ucsd.edu
1/14/2026 10:18:13,Yes,Male,18,University of California San Diego,Computer Science,Some college,First year,No,No,7,5,5,5,5,2,1,1,5,4,1,"Opportunities to engage in larger scale contexts, although I am in some robotics orgs",Hard to find guidance/mentors,"Embedded programming (Arduino, microcontrollers), Robot control (PID, motion), Computer vision / perception, Machine learning for robotics, Planning / navigation (mapping, path planning), Human-robot interaction, Robot simulation (Gazebo, PyBullet, etc.)","Curiosity about robotics, Interest in AI/autonomy, Hands-on experience, Career goals","Deeper understanding of simulations (PyBullet), Robotics programming, Mapping and perception, Understanding sensors",hoping both to expand my breadth of knowledge and also connect with people that can help me get further in the realm of robotics,7,7,7,7,7,7,1,abonev@ucsd.edu
1/14/2026 10:34:03,Yes,Female,18,University of California San Diego,Computer Engineering,High school,First year,No,No,3,4,1,1,1,1,1,1,1,1,1,"Lack of resources, Lack of confidence, No prior exposure, Not sure where to start","Not enough time, Not enough background, Hard to find guidance/mentors, Not sure where to start, I don’t feel like I belong in this space","Embedded programming (Arduino, microcontrollers), Robot control (PID, motion), Computer vision / perception, Machine learning for robotics, Planning / navigation (mapping, path planning), Human-robot interaction, Product/design applications (healthcare, manufacturing, home), Robot simulation (Gazebo, PyBullet, etc.)","Curiosity about robotics, Interest in AI/autonomy, Hands-on experience, Career goals, Learning programming","Deeper understanding of simulations (PyBullet), Robotics programming, Where to start if we want to get involved",Want to explore,7,7,7,7,7,7,5,hsheshala@ucsd.edu
1/14/2026 11:00:55,Yes,Female,19,University of California San Diego,computer science,Some college,Second year,No,No,5,5,3,3,3,2,1,1,3,1,1,"Lack of resources, Lack of confidence, No prior exposure, Not sure where to start","Not enough time, Not enough background, Hard to find guidance/mentors, Not sure where to start, I don’t feel like I belong in this space","Building hardware / mechanical design, Electronics / sensors, Embedded programming (Arduino, microcontrollers), Robot control (PID, motion), Computer vision / perception, Machine learning for robotics, Planning / navigation (mapping, path planning), Human-robot interaction, Product/design applications (healthcare, manufacturing, home)","Curiosity about robotics, Interest in AI/autonomy, Hands-on experience","Deeper understanding of simulations (PyBullet), Robotics programming, Mapping and perception, Understanding sensors",got an email and want to learn more ab robotics,7,7,7,5,4,5,3,soh021@ucsd.edu
1/14/2026 11:13:39,Yes,Female,25 or older,University of California San Diego,electrical engineering,Some college,Third year,No,No,3,1,3,5,6,1,1,1,1,1,1,"Lack of resources, No prior exposure, Not sure where to start","Not enough time, Not enough background, Cost of parts/tools, Hard to find guidance/mentors, Not sure where to start","Building hardware / mechanical design, Electronics / sensors, Embedded programming (Arduino, microcontrollers)","Hands-on experience, Career goals, Learning programming","Robotics programming, Mapping and perception, Understanding sensors",I am doing career exploration into embedded systems with the application in robotics. This workshop will help with that exploration by allowing me to get a formal introduction into robotics.,7,5,7,7,5,6,3,jmorajacinto@ucsd.edu
1/14/2026 11:29:32,Yes,Male,19,University of California San Diego,Data Science,Bachelor's Degree,Second year,No,No,5,6,5,4,3,2,2,2,4,2,2,"Lack of resources, No prior exposure","Not enough time, Hard to find guidance/mentors, Not sure where to start","Embedded programming (Arduino, microcontrollers), Robot control (PID, motion), Computer vision / perception, Machine learning for robotics, Human-robot interaction, Product/design applications (healthcare, manufacturing, home), Robot simulation (Gazebo, PyBullet, etc.)","Curiosity about robotics, Interest in AI/autonomy, Hands-on experience, Career goals, Learning programming","Deeper understanding of simulations (PyBullet), Robotics programming, Mapping and perception, Understanding sensors",Curiosity,6,6,6,6,6,5,2,pjlittle@ucsd.edu
1/14/2026 11:35:10,Yes,Male,24,University of California San Diego,EE,Bachelor's Degree,NA,No,No,5,5,3,3,3,2,2,2,2,3,,"No prior exposure, Not sure where to start","Not enough time, Not enough background","Robot control (PID, motion), Computer vision / perception, Machine learning for robotics, Planning / navigation (mapping, path planning), Robot simulation (Gazebo, PyBullet, etc.)","Curiosity about robotics, Interest in AI/autonomy, Hands-on experience, Career goals, Learning programming","Deeper understanding of simulations (PyBullet), Robotics programming, Mapping and perception, Understanding sensors",academic interest,7,7,5,7,6,7,5,myt001@ucsd.edu
1/14/2026 12:14:30,Yes,Male,18,University of California San Diego,Artificial Intelligence ,Some college,First year,No,No,3,5,6,4,3,3,3,3,4,3,3,"Lack of resources, Lack of confidence, No prior exposure, Not sure where to start","Not enough time, Cost of parts/tools","Building hardware / mechanical design, Electronics / sensors, Robot control (PID, motion), Computer vision / perception, Machine learning for robotics, Robot simulation (Gazebo, PyBullet, etc.)","Curiosity about robotics, Interest in AI/autonomy, Hands-on experience","Deeper understanding of simulations (PyBullet), Robotics programming, Mapping and perception, Understanding sensors",The desire to really learn more about how the AI field is being combined with the world of robotics.,7,7,7,6,5,5,4,clm016@ucsd.edu
1/14/2026 12:22:45,Yes,Male,22,University of California San Diego,Computer Engineering,Some college,Third year,No,No,4,5,2,4,1,1,1,1,1,1,1,"No prior exposure, Not sure where to start",Not sure where to start,"Electronics / sensors, Embedded programming (Arduino, microcontrollers), Robot control (PID, motion), Product/design applications (healthcare, manufacturing, home)","Curiosity about robotics, Hands-on experience","Deeper understanding of simulations (PyBullet), Robotics programming, Mapping and perception, Understanding sensors",Interest,6,3,5,5,5,4,3,k2yuan@ucsd.edu
1/14/2026 12:27:57,Yes,Male,18,University of California San Diego,Computer Science ,Some college,First year,No,No,5,2,2,3,1,1,1,1,3,1,1,Not sure where to start,"Cost of parts/tools, Hard to find guidance/mentors, Not sure where to start","Building hardware / mechanical design, Electronics / sensors, Embedded programming (Arduino, microcontrollers), Computer vision / perception, Machine learning for robotics","Curiosity about robotics, Interest in AI/autonomy, Hands-on experience, Learning programming","Robotics programming, Understanding sensors",I was interested and have always wanted to interact more with robotics. ,5,6,6,5,4,5,3,npespinoza@ucsd.edu
1/14/2026 13:04:49,Yes,Female,21,University of California San Diego,Computer Engineering ,Bachelor's Degree,Second year,No,No,5,6,2,1,1,1,1,1,1,1,1,"Lack of confidence, No prior exposure, Not sure where to start","Not sure where to start, I don’t feel like I belong in this space","Building hardware / mechanical design, Electronics / sensors, Embedded programming (Arduino, microcontrollers), Computer vision / perception","Curiosity about robotics, Hands-on experience","Robotics programming, Understanding sensors",To determine my depth for my degree.,7,6,7,7,7,7,3,kysim@ucsd.edu
1/14/2026 14:42:43,Yes,Male,18,University of California San Diego,MechE,Some college,First year,No,No,6,6,6,6,6,6,6,6,6,6,6,"Lack of resources, Not sure where to start","Cost of parts/tools, Hard to find guidance/mentors, Not sure where to start","Building hardware / mechanical design, Electronics / sensors, Embedded programming (Arduino, microcontrollers), Robot control (PID, motion), Computer vision / perception, Machine learning for robotics, Planning / navigation (mapping, path planning), Human-robot interaction, Product/design applications (healthcare, manufacturing, home), Robot simulation (Gazebo, PyBullet, etc.)","Curiosity about robotics, Interest in AI/autonomy, Hands-on experience, Career goals, Learning programming","Deeper understanding of simulations (PyBullet), Robotics programming, Mapping and perception, Understanding sensors",Intreast,6,6,6,6,6,5,6,scamargo@ucsd.edu
1/14/2026 15:06:48,Yes,Male,19,University of California San Diego,Computer Science & Cognitive Behavioral Neuroscience,Some college,Second year,No,No,5,5,3,2,1,1,1,1,2,1,1,No prior exposure,Not sure where to start,"Computer vision / perception, Machine learning for robotics, Planning / navigation (mapping, path planning), Product/design applications (healthcare, manufacturing, home)","Interest in AI/autonomy, Hands-on experience","Deeper understanding of simulations (PyBullet), Robotics programming, Mapping and perception",A friend told me about it and I was interested in exploring the topic.,5,6,6,5,4,3,2,ralouie@ucsd.edu
1/14/2026 17:35:25,Yes,Male,19,University of California San Diego,Electrical Engineering,Some college,Second year,Yes,No,6,2,6,7,6,3,2,2,5,3,5,Nothing in particular,"Cost of parts/tools, Not sure where to start","Building hardware / mechanical design, Electronics / sensors, Embedded programming (Arduino, microcontrollers), Robot control (PID, motion), Planning / navigation (mapping, path planning), Product/design applications (healthcare, manufacturing, home)","Curiosity about robotics, Hands-on experience, Learning programming","Deeper understanding of simulations (PyBullet), Mapping and perception, Understanding sensors",My current project work and interesting in robotics,7,6,7,6,6,7,1,tjoehren@ucsd.edu
1/14/2026 18:34:05,Yes,Male,21,University of California San Diego,Math-CS,Bachelor's Degree,Third year,Yes,No,7,7,2,2,2,2,2,2,2,2,2,"Lack of resources, No prior exposure, Not sure where to start","Hard to find guidance/mentors, Not sure where to start","Computer vision / perception, Machine learning for robotics, Planning / navigation (mapping, path planning), Human-robot interaction, Product/design applications (healthcare, manufacturing, home)","Curiosity about robotics, Interest in AI/autonomy, Hands-on experience, Career goals, Learning programming","Deeper understanding of simulations (PyBullet), Robotics programming, Mapping and perception, Understanding sensors","I only worked for software development and does not have any experience for hardware, I want to extend my field of learning and apply the skills i learned",7,7,7,7,7,7,1,shc067@ucsd.edu
1/14/2026 19:18:27,Yes,Prefer not to say,19,University of California San Diego,Mechanical Engineering,Some college,Second year,Prefer not to say,Prefer not to say,4,6,6,6,1,1,1,1,3,2,1,"Lack of confidence, No prior exposure, Not sure where to start","Not enough time, Not enough background, Hard to find guidance/mentors, Not sure where to start","Building hardware / mechanical design, Electronics / sensors, Embedded programming (Arduino, microcontrollers), Robot control (PID, motion), Computer vision / perception, Human-robot interaction, Product/design applications (healthcare, manufacturing, home)","Curiosity about robotics, Hands-on experience, Career goals","Deeper understanding of simulations (PyBullet), Robotics programming, Mapping and perception, Understanding sensors","I want to understand robotics better, break barriers and go into what i previously thought was intimidating",7,7,7,7,7,7,2,ttattala@ucsd.edu
1/14/2026 19:24:00,Yes,Male,22,University of California San Diego,Mechanical Engineering,Bachelor's Degree,Fourth year,Yes,No,7,7,7,7,7,7,2,5,7,7,7,Nothing in particular,"Not enough time, Cost of parts/tools","Embedded programming (Arduino, microcontrollers), Robot control (PID, motion), Computer vision / perception, Machine learning for robotics, Planning / navigation (mapping, path planning)","Curiosity about robotics, Interest in AI/autonomy, Hands-on experience","Deeper understanding of simulations (PyBullet), Robotics programming, Mapping and perception",Curiosity,7,7,7,5,7,7,5,kugalde@ucsd.edu
1/14/2026 19:49:50,Yes,Male,19,University of California San Diego,Computer Science,Bachelor's Degree,Second year,No,No,7,6,7,7,7,7,2,7,7,4,7,Nothing in particular,Nothing in particular,"Building hardware / mechanical design, Electronics / sensors, Embedded programming (Arduino, microcontrollers), Robot control (PID, motion), Computer vision / perception, Machine learning for robotics, Planning / navigation (mapping, path planning), Robot simulation (Gazebo, PyBullet, etc.)","Curiosity about robotics, Interest in AI/autonomy, Hands-on experience, Career goals, Learning programming","Deeper understanding of simulations (PyBullet), Robotics programming, Mapping and perception, Understanding sensors","As a member in Triton Robotics, I have implemented LIDAR based localization and motion planning on our autonomous robots, and I am curious to see this process in a research lab environment.]",7,7,7,7,7,7,3,a1fu@ucsd.edu
1/14/2026 21:37:57,Yes,Female,21,University of California San Diego,Computer Science ,Some college,Third year,Yes,No,4,6,3,4,2,2,1,1,2,1,1,"Lack of resources, No prior exposure, Not sure where to start","Not enough time, Not enough background, Hard to find guidance/mentors, Not sure where to start","Embedded programming (Arduino, microcontrollers), Computer vision / perception, Machine learning for robotics, Not sure yet","Curiosity about robotics, Hands-on experience, Learning programming","Deeper understanding of simulations (PyBullet), Robotics programming, Mapping and perception, Understanding sensors",Interest in robotics,7,5,5,4,6,4,4,retokhi@ucsd.edu
1/15/2026 7:12:02,Yes,Male,18,University of California San Diego,Electrical Engineering,Some college,First year,No,No,6,1,5,4,2,2,2,2,4,1,1,"No prior exposure, Not sure where to start","Cost of parts/tools, Hard to find guidance/mentors","Electronics / sensors, Embedded programming (Arduino, microcontrollers), Robot control (PID, motion), Computer vision / perception, Machine learning for robotics, Planning / navigation (mapping, path planning), Human-robot interaction",Curiosity about robotics,"Deeper understanding of simulations (PyBullet), Robotics programming, Mapping and perception, Understanding sensors",I want to do some robotics projects in the future and this seems like a great way to build a baseline that I can build off of for those projects.,7,5,7,4,4,6,4,jawerner@ucsd.edu
1/15/2026 9:37:51,Yes,Male,22,University of California San Diego,mechanical engineering ,High school,Fourth year,Yes,Yes,5,1,5,4,2,1,1,1,1,1,1,"Lack of resources, Lack of confidence, No prior exposure, Not sure where to start","Cost of parts/tools, Hard to find guidance/mentors, Not sure where to start, I don’t feel like I belong in this space","Building hardware / mechanical design, Embedded programming (Arduino, microcontrollers), Robot control (PID, motion), Machine learning for robotics, Planning / navigation (mapping, path planning), Human-robot interaction, Product/design applications (healthcare, manufacturing, home)","Curiosity about robotics, Interest in AI/autonomy, Hands-on experience, Career goals, Learning programming","Deeper understanding of simulations (PyBullet), Robotics programming, Mapping and perception, Understanding sensors",I’ve been wanting to upgrade my skills and knowledge and this seems like a perfect opportunity. ,7,6,7,7,7,4,4,hsavla@ucsd.edu
1/15/2026 9:38:37,Yes,Female,18,University of California San Diego,Cog Sci Specialization in Design and Interaction,Some college,First year,Yes,No,2,1,6,4,2,1,2,1,4,1,1,Nothing in particular,"Cost of parts/tools, Hard to find guidance/mentors, Not sure where to start","Building hardware / mechanical design, Product/design applications (healthcare, manufacturing, home)","Curiosity about robotics, Interest in AI/autonomy, Hands-on experience, Career goals, Learning programming","Deeper understanding of simulations (PyBullet), Robotics programming, Mapping and perception, Understanding sensors",I want to continue my knowledge and develop my robotics skills since I used to take robotics classes.,7,7,7,7,5,7,1,smlum@ucsd.edu
1/15/2026 14:53:25,Yes,Male,20,University of California San Diego,Electrical Engineering ,Some college,Second year,No,No,5,5,5,6,4,1,1,1,5,1,1,Not sure where to start,"Not enough background, Not sure where to start","Building hardware / mechanical design, Electronics / sensors",Hands-on experience,"Deeper understanding of simulations (PyBullet), Understanding sensors",Interest in practical application of hardware components. ,6,3,6,7,5,6,4,jvichob@ucsd.edu
1/15/2026 17:41:26,Yes,Male,25 or older,University of California San Diego,Electrical Engineering,Some college,Fourth year,No,No,5,4,4,5,4,4,2,2,4,3,3,"Lack of resources, Lack of confidence","Not enough time, Not enough background, Cost of parts/tools, Hard to find guidance/mentors","Building hardware / mechanical design, Electronics / sensors, Embedded programming (Arduino, microcontrollers), Robot control (PID, motion), Computer vision / perception, Machine learning for robotics, Planning / navigation (mapping, path planning), Human-robot interaction, Product/design applications (healthcare, manufacturing, home), Robot simulation (Gazebo, PyBullet, etc.)","Curiosity about robotics, Interest in AI/autonomy, Hands-on experience, Career goals","Robotics programming, Mapping and perception, Understanding sensors",My friend in the lab.,7,7,7,5,5,5,2,m1krause@ucsd.edu
1/16/2026 10:53:59,Yes,Male,25 or older,University of California San Diego,Computer Science,Bachelor's Degree,Third year,No,No,5,6,2,2,2,2,2,2,2,2,2,"Lack of resources, Lack of confidence, No prior exposure, Not sure where to start","Not enough background, Not sure where to start","Computer vision / perception, Machine learning for robotics, Planning / navigation (mapping, path planning)","Interest in AI/autonomy, Hands-on experience","Robotics programming, Mapping and perception",Interest,7,7,4,3,5,6,4,yew020@ucsd.edu
1/16/2026 13:09:28,Yes,Female,21,University of California San Diego,Computer Science,Bachelor's Degree,Third year,Yes,No,7,6,1,1,1,1,1,1,2,1,1,Not sure where to start,"Not enough background, Not sure where to start","Computer vision / perception, Machine learning for robotics, Planning / navigation (mapping, path planning), Human-robot interaction, Product/design applications (healthcare, manufacturing, home)","Curiosity about robotics, Interest in AI/autonomy","Deeper understanding of simulations (PyBullet), Robotics programming, Mapping and perception, Understanding sensors",I wanted to explore a new topic that I have no prior experience with.,7,7,7,6,5,7,2,nselvakumar@ucsd.edu
1/16/2026 15:29:43,Yes,Male,19,University of California San Diego,Electrical Engineering,Bachelor's Degree,First year,Yes,No,5,5,6,6,5,2,2,2,4,5,5,Not sure where to start,Not enough time,"Building hardware / mechanical design, Electronics / sensors, Embedded programming (Arduino, microcontrollers), Computer vision / perception, Machine learning for robotics, Human-robot interaction, Robot simulation (Gazebo, PyBullet, etc.)","Curiosity about robotics, Interest in AI/autonomy, Hands-on experience, Career goals, Learning programming","Deeper understanding of simulations (PyBullet), Robotics programming, Mapping and perception, Understanding sensors",Want to actively learn more about this field and gain skills to do my own projects,7,7,7,7,4,7,4,wiwoo@ucsd.edu
1/16/2026 18:15:44,No,,,,,,,,,,,,,,,,,,,,,,,,,,,,,,,,,tsc002@ucsd.edu
1/16/2026 18:18:56,Yes,Female,20,University of California San Diego,electrical engineering,Some college,Third year,No,No,4,6,5,6,5,3,1,1,5,2,1,"Lack of confidence, Not sure where to start","Not enough time, Not enough background, Cost of parts/tools, Hard to find guidance/mentors, Not sure where to start","Building hardware / mechanical design, Electronics / sensors, Embedded programming (Arduino, microcontrollers), Machine learning for robotics","Curiosity about robotics, Hands-on experience","Deeper understanding of simulations (PyBullet), Robotics programming, Mapping and perception, Understanding sensors",I like robotics and I had time,6,4,7,5,7,6,4,epicinich@ucsd.edu
1/16/2026 19:56:05,Yes,Male,20,University of California San Diego,Computer Engineering,Some college,Third year,No,No,6,3,2,1,1,1,1,1,1,1,1,No prior exposure,"Not enough time, Not enough background, Cost of parts/tools, Hard to find guidance/mentors, Not sure where to start","Building hardware / mechanical design, Electronics / sensors, Embedded programming (Arduino, microcontrollers), Human-robot interaction","Curiosity about robotics, Interest in AI/autonomy, Hands-on experience, Learning programming","Deeper understanding of simulations (PyBullet), Robotics programming",Just seemed like an interesting thing to do,5,5,6,5,5,3,3,napetersen@ucsd.edu
1/16/2026 21:30:41,No,,,,,,,,,,,,,,,,,,,,,,,,,,,,,,,,,wthrasher@ucsd.edu
1/16/2026 22:23:11,Yes,Male,24,University of California San Diego,Chemical engineering,Some college,Junior standing,Prefer not to say,No,2,2,7,7,5,1,1,1,2,1,1,"Lack of confidence, No prior exposure, Not sure where to start","Not enough background, Hard to find guidance/mentors, I don’t feel like I belong in this space","Building hardware / mechanical design, Electronics / sensors, Embedded programming (Arduino, microcontrollers), Machine learning for robotics, Planning / navigation (mapping, path planning), Product/design applications (healthcare, manufacturing, home), Robot simulation (Gazebo, PyBullet, etc.)","Curiosity about robotics, Hands-on experience, Career goals, Learning programming","Deeper understanding of simulations (PyBullet), Robotics programming, Understanding sensors",I am interested in extending my understanding in STEM and Engineering outside of classes. I’m in a different STEM club but wanted to be more involved in other activities and learn more. ,7,4,7,7,7,6,2,rquezadaserrato@ucsd.edu
1/17/2026 16:53:55,No,,,,,,,,,,,,,,,,,,,,,,,,,,,,,,,,,a1ku@ucsd.edu
1/17/2026 18:24:20,Yes,Male,18,University of California San Diego,AI,Some college,First year,Yes,No,5,5,1,3,2,2,3,2,3,2,1,"Lack of resources, Not sure where to start","Not enough background, Cost of parts/tools, Hard to find guidance/mentors","Computer vision / perception, Machine learning for robotics",Interest in AI/autonomy,"Deeper understanding of simulations (PyBullet), Robotics programming, Mapping and perception, Understanding sensors",Interest,6,7,6,6,5,6,6,menkhtaivan@ucsd.edu
1/18/2026 15:11:00,Yes,Male,18,University of California San Diego,EE,Some college,First year,Prefer not to say,No,3,5,1,1,4,1,1,1,1,1,1,"Lack of resources, No prior exposure, Not sure where to start","Hard to find guidance/mentors, Not sure where to start","Building hardware / mechanical design, Electronics / sensors, Embedded programming (Arduino, microcontrollers), Computer vision / perception, Machine learning for robotics","Curiosity about robotics, Interest in AI/autonomy, Career goals","Deeper understanding of simulations (PyBullet), Robotics programming, Mapping and perception","I need to start somewhere, this seems like a good place",7,5,7,7,7,5,3,asener@ucsd.edu
1/18/2026 15:11:24,Yes,Male,19,University of California San Diego,Mechanical Engineering ,Some college,Second year,Prefer not to say,No,6,1,2,2,1,1,1,1,1,1,2,"No prior exposure, Not sure where to start","Cost of parts/tools, Hard to find guidance/mentors, Not sure where to start","Building hardware / mechanical design, Robot control (PID, motion), Machine learning for robotics, Planning / navigation (mapping, path planning), Human-robot interaction, Robot simulation (Gazebo, PyBullet, etc.)","Curiosity about robotics, Hands-on experience, Career goals","Deeper understanding of simulations (PyBullet), Robotics programming, Mapping and perception, Understanding sensors",I want to lean more about robotics since my major is in robotics and controls for ME. I though this would be a good starting point.,7,6,7,7,6,7,7,dperezolguin@ucsd.edu
1/19/2026 14:53:45,Yes,Male,18,University of California San Diego,Computer Science,Bachelor's Degree,First year,No,No,6,6,3,5,2,1,1,1,5,1,1,"No prior exposure, Not sure where to start","Not enough time, Not enough background","Embedded programming (Arduino, microcontrollers), Computer vision / perception, Machine learning for robotics, Human-robot interaction","Curiosity about robotics, Interest in AI/autonomy, Career goals",Robotics programming,Just learn more about robotics. ,7,7,7,7,6,7,3,cthotti@ucsd.edu
1/20/2026 10:07:32,Yes,Male,25 or older,University of California San Diego,Computer Engineering,Some college,Fourth year,No,No,5,5,2,3,2,2,1,1,1,1,1,"Lack of confidence, Not sure where to start","Not enough background, Cost of parts/tools, Hard to find guidance/mentors, Not sure where to start, I don’t feel like I belong in this space","Computer vision / perception, Machine learning for robotics",Interest in AI/autonomy,"Deeper understanding of simulations (PyBullet), Mapping and perception",I'm really interested in robotics and I hope I'll find the motivation to start explore the field from this,7,7,7,7,5,4,4,dun011@ucsd.edu
1/20/2026 11:41:39,Yes,Male,19,University of California San Diego,Structural Engineering,Some college,Second year,No,No,3,4,3,3,3,3,1,1,3,1,1,"Lack of resources, No prior exposure, Not sure where to start","Not enough background, Cost of parts/tools, Hard to find guidance/mentors, Not sure where to start","Building hardware / mechanical design, Electronics / sensors, Robot control (PID, motion), Machine learning for robotics, Product/design applications (healthcare, manufacturing, home)","Curiosity about robotics, Interest in AI/autonomy, Hands-on experience, Career goals","Deeper understanding of simulations (PyBullet), Robotics programming, Mapping and perception",Wanting to learn more,7,6,7,7,7,7,2,a1gamboa@ucsd.edu
1/20/2026 15:53:39,Yes,Male,19,University of California San Diego,EE,High school,Second year,No,No,2,4,2,2,1,1,1,1,1,1,1,"Lack of resources, No prior exposure, Not sure where to start","Not enough background, Not sure where to start","Building hardware / mechanical design, Electronics / sensors","Curiosity about robotics, Interest in AI/autonomy, Hands-on experience, Career goals","Deeper understanding of simulations (PyBullet), Robotics programming, Mapping and perception, Understanding sensors",learn more about this field,7,6,5,6,5,5,5,khd005@ucsd.edu
1/20/2026 18:18:02,Yes,Male,19,University of California San Diego,Computer Science,Some college,Second year,Yes,No,7,7,1,2,3,1,1,1,1,1,1,"No prior exposure, Not sure where to start","Not enough time, Not enough background, Hard to find guidance/mentors, Not sure where to start","Computer vision / perception, Machine learning for robotics","Curiosity about robotics, Interest in AI/autonomy, Hands-on experience","Deeper understanding of simulations (PyBullet), Robotics programming, Mapping and perception, Understanding sensors",email,7,7,5,3,5,5,5,yil327@ucsd.edu